,0,1,2,3,4,5,6,7,8,9
0,1000_0.jpg,203_0.jpg,1399_0.jpg,767_0.jpg,1488_0.jpg,1159_0.jpg,709_0.jpg,575_0.jpg,893_0.jpg,1439_0.jpg
1,1000_1.jpg,1000_0.jpg,1504_0.jpg,1322_0.jpg,893_0.jpg,1439_0.jpg,1399_0.jpg,767_0.jpg,203_0.jpg,1488_0.jpg
2,1000_2.jpg,1467_0.jpg,1048_0.jpg,708_0.jpg,1000_0.jpg,893_0.jpg,1159_0.jpg,709_0.jpg,1149_0.jpg,569_1.jpg
3,1000_3.jpg,1572_2.jpg,219_0.jpg,465_3.jpg,651_0.jpg,685_3.jpg,978_0.jpg,1141_2.jpg,898_2.jpg,1088_3.jpg
4,1002_0.jpg,812_0.jpg,1519_0.jpg,647_0.jpg,752_2.jpg,1070_0.jpg,907_2.jpg,1425_0.jpg,317_0.jpg,440_0.jpg
5,1008_1.jpg,1008_0.jpg,898_0.jpg,477_0.jpg,74_0.jpg,25_1.jpg,148_0.jpg,133_0.jpg,997_0.jpg,312_0.jpg
6,1008_1.jpg,1008_0.jpg,898_0.jpg,477_0.jpg,74_0.jpg,25_1.jpg,148_0.jpg,133_0.jpg,997_0.jpg,312_0.jpg
7,1009_0.jpg,430_0.jpg,1294_0.jpg,1455_0.jpg,869_0.jpg,35_0.jpg,655_2.jpg,526_0.jpg,31_0.jpg,864_0.jpg
8,1013_0.jpg,281_0.jpg,633_1.jpg,544_0.jpg,949_0.jpg,1266_0.jpg,866_0.jpg,1302_1.jpg,1013_1.jpg,1547_1.jpg
9,1013_1.jpg,178_1.jpg,1312_0.jpg,517_0.jpg,997_2.jpg,1166_3.jpg,1523_0.jpg,25_0.jpg,242_0.jpg,973_0.jpg
10,1015_0.jpg,1015_1.jpg,997_3.jpg,1599_0.jpg,997_0.jpg,64_1.jpg,1596_0.jpg,917_0.jpg,178_0.jpg,253_0.jpg
11,1015_1.jpg,1015_0.jpg,997_3.jpg,997_0.jpg,1599_0.jpg,312_0.jpg,280_0.jpg,1596_0.jpg,64_1.jpg,178_0.jpg
12,1016_0.jpg,949_0.jpg,464_0.jpg,1147_0.jpg,1302_1.jpg,633_1.jpg,633_0.jpg,1302_0.jpg,385_1.jpg,1141_3.jpg
13,1028_0.jpg,1028_1.jpg,1028_2.jpg,1475_0.jpg,385_3.jpg,1314_0.jpg,1102_3.jpg,1513_3.jpg,471_2.jpg,1275_2.jpg
14,1028_1.jpg,1028_0.jpg,1028_2.jpg,1475_0.jpg,385_3.jpg,1314_0.jpg,1102_3.jpg,1513_3.jpg,471_2.jpg,122_1.jpg
15,1028_2.jpg,1028_0.jpg,1028_1.jpg,1475_0.jpg,385_3.jpg,1314_0.jpg,1102_3.jpg,212_0.jpg,1568_0.jpg,1547_0.jpg
16,102_0.jpg,77_0.jpg,31_0.jpg,1554_0.jpg,161_0.jpg,16_0.jpg,149_0.jpg,162_0.jpg,41_0.jpg,172_0.jpg
17,1045_0.jpg,112_0.jpg,270_0.jpg,178_1.jpg,526_0.jpg,917_0.jpg,178_0.jpg,1496_0.jpg,1111_0.jpg,25_0.jpg
18,1048_0.jpg,893_0.jpg,140_0.jpg,931_0.jpg,1504_0.jpg,1439_0.jpg,1322_0.jpg,1000_0.jpg,1488_0.jpg,767_0.jpg
19,104_0.jpg,122_2.jpg,194_0.jpg,733_0.jpg,733_1.jpg,264_0.jpg,746_2.jpg,245_0.jpg,55_0.jpg,746_1.jpg
20,1052_0.jpg,1147_0.jpg,465_0.jpg,885_0.jpg,746_0.jpg,1259_0.jpg,728_3.jpg,464_0.jpg,25_1.jpg,1470_1.jpg
21,105_0.jpg,56_0.jpg,264_0.jpg,20_0.jpg,638_1.jpg,1544_0.jpg,733_1.jpg,182_0.jpg,48_0.jpg,201_0.jpg
22,1070_0.jpg,1519_0.jpg,1259_1.jpg,133_3.jpg,217_3.jpg,812_0.jpg,1234_3.jpg,477_3.jpg,1227_0.jpg,1002_0.jpg
23,1070_1.jpg,1096_0.jpg,570_3.jpg,1088_1.jpg,1227_0.jpg,217_3.jpg,1377_1.jpg,909_1.jpg,1070_0.jpg,1377_0.jpg
24,1070_2.jpg,835_0.jpg,752_2.jpg,752_1.jpg,1331_0.jpg,235_0.jpg,1425_0.jpg,752_0.jpg,221_0.jpg,1467_0.jpg
25,1072_0.jpg,462_0.jpg,869_1.jpg,814_0.jpg,1111_0.jpg,1260_1.jpg,1496_0.jpg,1335_0.jpg,1358_1.jpg,306_0.jpg
26,1077_0.jpg,1250_1.jpg,385_0.jpg,693_0.jpg,1048_0.jpg,655_3.jpg,746_2.jpg,385_1.jpg,217_1.jpg,471_0.jpg
27,1077_1.jpg,984_0.jpg,464_3.jpg,1295_0.jpg,471_3.jpg,685_3.jpg,978_0.jpg,444_1.jpg,260_1.jpg,708_0.jpg
28,1088_0.jpg,1088_3.jpg,569_0.jpg,217_3.jpg,949_2.jpg,1223_0.jpg,1572_1.jpg,133_3.jpg,978_0.jpg,1572_3.jpg
29,1088_1.jpg,1321_0.jpg,1231_0.jpg,1088_0.jpg,1102_1.jpg,1070_1.jpg,471_3.jpg,1295_0.jpg,1519_0.jpg,1088_3.jpg
30,1088_2.jpg,221_0.jpg,1331_0.jpg,569_0.jpg,978_0.jpg,1378_0.jpg,752_1.jpg,752_2.jpg,1467_0.jpg,1322_0.jpg
31,1088_3.jpg,1088_0.jpg,1223_1.jpg,133_3.jpg,1223_0.jpg,949_2.jpg,651_0.jpg,1102_2.jpg,273_3.jpg,1102_1.jpg
32,1091_0.jpg,273_3.jpg,1295_0.jpg,312_0.jpg,273_0.jpg,371_3.jpg,471_3.jpg,371_1.jpg,985_1.jpg,885_1.jpg
33,1095_0.jpg,1155_0.jpg,636_0.jpg,745_0.jpg,308_0.jpg,134_2.jpg,444_0.jpg,260_0.jpg,295_0.jpg,655_3.jpg
34,1096_0.jpg,1227_0.jpg,1070_1.jpg,1277_0.jpg,477_2.jpg,812_0.jpg,477_3.jpg,492_2.jpg,1243_0.jpg,1523_2.jpg
35,1102_0.jpg,1234_3.jpg,1166_2.jpg,404_3.jpg,411_0.jpg,655_2.jpg,530_0.jpg,471_3.jpg,1455_0.jpg,1478_2.jpg
36,1102_1.jpg,978_0.jpg,217_3.jpg,133_3.jpg,717_1.jpg,1088_0.jpg,1102_2.jpg,1295_0.jpg,1478_2.jpg,1088_3.jpg
37,1102_2.jpg,133_3.jpg,273_3.jpg,1166_2.jpg,1102_1.jpg,1259_1.jpg,160_0.jpg,1088_3.jpg,1295_0.jpg,471_3.jpg
38,1102_3.jpg,404_3.jpg,1572_3.jpg,1259_1.jpg,1242_1.jpg,133_3.jpg,273_3.jpg,219_0.jpg,624_0.jpg,949_3.jpg
39,1106_1.jpg,1106_0.jpg,541_1.jpg,541_0.jpg,653_0.jpg,518_0.jpg,1568_1.jpg,114_1.jpg,43_1.jpg,1547_1.jpg
40,1106_1.jpg,1106_0.jpg,541_1.jpg,541_0.jpg,653_0.jpg,518_0.jpg,1568_1.jpg,114_1.jpg,43_1.jpg,1547_1.jpg
41,1107_0.jpg,374_0.jpg,464_0.jpg,1478_0.jpg,463_0.jpg,633_0.jpg,797_0.jpg,790_0.jpg,799_2.jpg,130_0.jpg
42,1109_0.jpg,931_0.jpg,893_0.jpg,1159_0.jpg,709_0.jpg,1048_0.jpg,767_0.jpg,1488_0.jpg,1399_0.jpg,203_0.jpg
43,1111_0.jpg,364_0.jpg,1045_0.jpg,235_2.jpg,1447_0.jpg,1260_1.jpg,178_1.jpg,951_0.jpg,1289_0.jpg,1599_0.jpg
44,1117_0.jpg,624_0.jpg,1475_0.jpg,1513_3.jpg,1102_1.jpg,1167_2.jpg,1118_1.jpg,739_1.jpg,398_1.jpg,1106_0.jpg
45,1118_0.jpg,1118_1.jpg,1378_0.jpg,978_0.jpg,1322_0.jpg,1331_0.jpg,235_0.jpg,1117_0.jpg,299_0.jpg,268_0.jpg
46,1118_1.jpg,1118_0.jpg,1378_0.jpg,1117_0.jpg,235_0.jpg,978_0.jpg,1504_0.jpg,1322_0.jpg,268_0.jpg,624_0.jpg
47,1119_0.jpg,1311_0.jpg,1048_0.jpg,709_0.jpg,1159_0.jpg,1399_0.jpg,767_0.jpg,203_0.jpg,1488_0.jpg,893_0.jpg
48,1121_0.jpg,398_1.jpg,739_1.jpg,636_0.jpg,1095_0.jpg,1142_1.jpg,1169_1.jpg,1499_0.jpg,1155_0.jpg,1475_0.jpg
49,1122_0.jpg,311_0.jpg,313_0.jpg,31_0.jpg,249_0.jpg,41_0.jpg,134_1.jpg,102_0.jpg,172_0.jpg,1352_0.jpg
50,1125_0.jpg,1125_2.jpg,1125_3.jpg,553_0.jpg,201_0.jpg,385_3.jpg,829_2.jpg,98_2.jpg,949_0.jpg,617_0.jpg
51,1125_1.jpg,1191_0.jpg,217_3.jpg,752_0.jpg,752_1.jpg,875_2.jpg,1547_0.jpg,114_0.jpg,43_0.jpg,212_0.jpg
52,1125_2.jpg,1125_3.jpg,385_3.jpg,1125_0.jpg,471_2.jpg,122_2.jpg,1250_1.jpg,693_0.jpg,1028_1.jpg,464_1.jpg
53,1125_3.jpg,1125_2.jpg,385_3.jpg,753_2.jpg,1125_0.jpg,1314_3.jpg,1314_1.jpg,464_1.jpg,1250_1.jpg,949_1.jpg
54,112_0.jpg,1496_0.jpg,270_0.jpg,888_0.jpg,1045_0.jpg,1330_0.jpg,1239_0.jpg,1260_1.jpg,1260_0.jpg,1358_1.jpg
55,112_1.jpg,270_0.jpg,112_0.jpg,178_0.jpg,1239_0.jpg,1358_1.jpg,888_0.jpg,1599_1.jpg,590_0.jpg,1045_0.jpg
56,1141_0.jpg,1000_1.jpg,1141_2.jpg,949_3.jpg,1048_0.jpg,799_0.jpg,558_0.jpg,1169_0.jpg,937_0.jpg,114_1.jpg
57,1141_1.jpg,1141_3.jpg,569_1.jpg,949_0.jpg,1322_0.jpg,569_0.jpg,1016_0.jpg,1488_0.jpg,767_0.jpg,203_0.jpg
58,1141_2.jpg,1164_0.jpg,1547_0.jpg,583_0.jpg,212_0.jpg,1568_0.jpg,628_0.jpg,43_0.jpg,114_0.jpg,569_1.jpg
59,1141_3.jpg,385_2.jpg,655_3.jpg,293_0.jpg,171_3.jpg,371_2.jpg,1183_0.jpg,949_0.jpg,728_3.jpg,385_1.jpg
60,1142_0.jpg,739_0.jpg,1169_0.jpg,398_0.jpg,350_0.jpg,1538_0.jpg,862_0.jpg,697_0.jpg,1408_0.jpg,452_0.jpg
61,1142_1.jpg,398_1.jpg,739_1.jpg,1169_1.jpg,624_0.jpg,268_0.jpg,212_2.jpg,114_2.jpg,583_2.jpg,43_2.jpg
62,1147_0.jpg,949_0.jpg,1016_0.jpg,1302_1.jpg,464_0.jpg,633_0.jpg,1302_0.jpg,122_0.jpg,1478_0.jpg,1052_0.jpg
63,1149_0.jpg,1000_2.jpg,268_0.jpg,834_1.jpg,176_1.jpg,1594_0.jpg,1594_1.jpg,811_3.jpg,1467_0.jpg,1164_0.jpg
64,43_0.jpg,1547_0.jpg,628_0.jpg,114_0.jpg,583_0.jpg,212_0.jpg,1568_0.jpg,1568_1.jpg,114_1.jpg,43_1.jpg
65,43_1.jpg,114_1.jpg,628_1.jpg,1568_1.jpg,583_1.jpg,212_1.jpg,1547_1.jpg,212_0.jpg,1547_0.jpg,43_0.jpg
66,1547_2.jpg,1568_2.jpg,628_2.jpg,114_2.jpg,43_2.jpg,583_2.jpg,212_2.jpg,1142_1.jpg,1169_1.jpg,1320_0.jpg
67,1155_0.jpg,1095_0.jpg,712_0.jpg,745_0.jpg,636_0.jpg,295_0.jpg,1308_0.jpg,985_0.jpg,898_1.jpg,1478_2.jpg
68,1159_0.jpg,709_0.jpg,1488_0.jpg,203_0.jpg,767_0.jpg,1399_0.jpg,575_0.jpg,1000_0.jpg,1439_0.jpg,931_0.jpg
69,1162_0.jpg,917_0.jpg,112_0.jpg,155_0.jpg,458_0.jpg,1260_1.jpg,270_0.jpg,1496_0.jpg,888_0.jpg,132_0.jpg
70,1164_0.jpg,1322_0.jpg,569_0.jpg,978_0.jpg,1378_0.jpg,175_0.jpg,1467_0.jpg,1439_0.jpg,709_0.jpg,1159_0.jpg
71,1166_0.jpg,728_0.jpg,1052_0.jpg,1166_1.jpg,1478_0.jpg,219_0.jpg,1180_3.jpg,875_1.jpg,281_2.jpg,171_0.jpg
72,1166_1.jpg,728_1.jpg,171_1.jpg,1486_1.jpg,471_2.jpg,570_1.jpg,471_0.jpg,753_2.jpg,69_0.jpg,693_0.jpg
73,1166_2.jpg,25_3.jpg,1170_2.jpg,1234_3.jpg,64_2.jpg,371_3.jpg,1403_2.jpg,1403_1.jpg,1180_2.jpg,1102_2.jpg
74,1166_3.jpg,148_2.jpg,133_1.jpg,997_2.jpg,973_0.jpg,728_3.jpg,973_2.jpg,973_1.jpg,570_3.jpg,1180_3.jpg
75,1167_0.jpg,1167_3.jpg,1167_1.jpg,1167_2.jpg,287_1.jpg,287_0.jpg,1475_0.jpg,636_0.jpg,985_0.jpg,1320_0.jpg
76,1167_1.jpg,1167_3.jpg,1167_0.jpg,1167_2.jpg,1475_0.jpg,287_1.jpg,1117_0.jpg,287_0.jpg,235_0.jpg,212_1.jpg
77,1167_2.jpg,1167_1.jpg,1167_0.jpg,1167_3.jpg,1475_0.jpg,1117_0.jpg,235_0.jpg,624_0.jpg,1320_0.jpg,287_1.jpg
78,1167_3.jpg,1167_1.jpg,1167_0.jpg,1167_2.jpg,1475_0.jpg,287_1.jpg,287_0.jpg,1117_0.jpg,95_0.jpg,1320_0.jpg
79,1169_0.jpg,1142_0.jpg,739_0.jpg,398_0.jpg,465_0.jpg,1538_0.jpg,452_0.jpg,357_0.jpg,477_3.jpg,217_3.jpg
80,1169_1.jpg,1142_1.jpg,739_1.jpg,398_1.jpg,624_0.jpg,114_2.jpg,43_2.jpg,212_2.jpg,583_2.jpg,1568_2.jpg
81,1170_0.jpg,197_0.jpg,1478_3.jpg,1170_1.jpg,728_1.jpg,69_0.jpg,1486_2.jpg,1604_0.jpg,194_0.jpg,48_0.jpg
82,1170_1.jpg,1170_2.jpg,1403_2.jpg,1403_1.jpg,371_3.jpg,1170_0.jpg,273_3.jpg,949_2.jpg,98_3.jpg,133_3.jpg
83,1170_2.jpg,1170_1.jpg,371_3.jpg,1403_1.jpg,1403_2.jpg,1166_2.jpg,733_3.jpg,273_3.jpg,133_3.jpg,1170_0.jpg
84,1180_0.jpg,1180_1.jpg,997_3.jpg,64_1.jpg,898_1.jpg,997_0.jpg,273_1.jpg,273_0.jpg,1596_0.jpg,312_0.jpg
85,1180_1.jpg,1180_0.jpg,898_1.jpg,64_1.jpg,997_0.jpg,178_0.jpg,997_3.jpg,1604_0.jpg,1478_3.jpg,177_0.jpg
86,1180_2.jpg,371_1.jpg,1478_2.jpg,1166_2.jpg,1234_3.jpg,273_3.jpg,404_1.jpg,1513_0.jpg,1513_1.jpg,1403_2.jpg
87,1180_3.jpg,728_3.jpg,371_2.jpg,875_1.jpg,1234_1.jpg,633_1.jpg,171_3.jpg,477_2.jpg,217_2.jpg,1486_3.jpg
88,1183_0.jpg,1352_0.jpg,293_0.jpg,126_0.jpg,885_1.jpg,655_0.jpg,519_3.jpg,898_2.jpg,1141_3.jpg,385_2.jpg
89,118_0.jpg,245_0.jpg,1604_0.jpg,88_0.jpg,5_0.jpg,1242_2.jpg,305_0.jpg,1478_1.jpg,961_1.jpg,194_0.jpg
90,1191_0.jpg,1191_2.jpg,1048_0.jpg,1125_1.jpg,217_3.jpg,685_3.jpg,148_3.jpg,160_0.jpg,1191_1.jpg,875_2.jpg
91,1191_1.jpg,1191_3.jpg,1227_0.jpg,1191_0.jpg,1191_2.jpg,1519_0.jpg,217_3.jpg,685_3.jpg,1125_1.jpg,875_2.jpg
92,1191_2.jpg,1191_0.jpg,1125_1.jpg,148_3.jpg,1191_1.jpg,717_1.jpg,548_0.jpg,357_0.jpg,1538_0.jpg,685_3.jpg
93,1191_3.jpg,1191_1.jpg,1227_0.jpg,1000_1.jpg,1191_2.jpg,217_3.jpg,569_0.jpg,1191_0.jpg,569_1.jpg,685_3.jpg
94,1196_0.jpg,1599_0.jpg,1447_0.jpg,863_0.jpg,951_0.jpg,178_1.jpg,1596_0.jpg,1402_0.jpg,177_0.jpg,1015_0.jpg
95,11_0.jpg,311_0.jpg,34_0.jpg,997_2.jpg,246_0.jpg,1554_0.jpg,162_0.jpg,124_0.jpg,1166_3.jpg,102_0.jpg
96,121_0.jpg,55_0.jpg,1478_3.jpg,307_0.jpg,245_0.jpg,88_0.jpg,258_0.jpg,168_0.jpg,1166_1.jpg,305_0.jpg
97,1223_0.jpg,1223_1.jpg,1088_0.jpg,273_3.jpg,160_0.jpg,1088_3.jpg,98_3.jpg,1223_2.jpg,569_0.jpg,203_0.jpg
98,1223_1.jpg,1223_0.jpg,1088_3.jpg,160_0.jpg,273_3.jpg,98_3.jpg,1088_0.jpg,949_2.jpg,1403_2.jpg,133_3.jpg
99,1223_2.jpg,1223_0.jpg,1223_1.jpg,1403_2.jpg,178_3.jpg,1355_0.jpg,44_0.jpg,717_0.jpg,98_3.jpg,1295_0.jpg
100,1226_0.jpg,1377_0.jpg,235_2.jpg,364_0.jpg,462_0.jpg,1045_0.jpg,1111_0.jpg,270_0.jpg,112_0.jpg,1239_0.jpg
101,1227_0.jpg,1191_1.jpg,1096_0.jpg,1519_0.jpg,477_3.jpg,217_3.jpg,1070_0.jpg,1191_3.jpg,978_0.jpg,1070_1.jpg
102,122_0.jpg,1275_0.jpg,746_0.jpg,122_1.jpg,949_0.jpg,477_0.jpg,1147_0.jpg,122_2.jpg,148_0.jpg,371_0.jpg
103,122_1.jpg,746_1.jpg,122_2.jpg,1275_1.jpg,1275_2.jpg,1250_1.jpg,1572_0.jpg,746_2.jpg,1486_1.jpg,471_0.jpg
104,122_2.jpg,1275_2.jpg,1275_1.jpg,122_1.jpg,471_2.jpg,746_2.jpg,746_1.jpg,1486_1.jpg,1250_1.jpg,753_2.jpg
105,122_3.jpg,1572_2.jpg,171_2.jpg,148_3.jpg,1572_1.jpg,1125_1.jpg,753_3.jpg,217_3.jpg,685_3.jpg,875_2.jpg
106,1231_0.jpg,1321_0.jpg,1088_1.jpg,1584_1.jpg,1002_0.jpg,865_0.jpg,506_0.jpg,1312_0.jpg,885_3.jpg,829_0.jpg
107,1232_0.jpg,1557_0.jpg,534_0.jpg,970_0.jpg,944_0.jpg,894_0.jpg,385_3.jpg,464_0.jpg,7_0.jpg,1594_0.jpg
108,1234_0.jpg,558_0.jpg,1000_1.jpg,385_0.jpg,1109_0.jpg,465_3.jpg,1242_1.jpg,570_3.jpg,1259_1.jpg,175_0.jpg
109,1234_1.jpg,1180_3.jpg,149_0.jpg,961_1.jpg,875_1.jpg,961_0.jpg,558_1.jpg,728_3.jpg,655_1.jpg,91_0.jpg
110,1234_2.jpg,558_3.jpg,1109_0.jpg,1170_1.jpg,1403_1.jpg,1170_2.jpg,160_0.jpg,1088_0.jpg,1403_2.jpg,133_3.jpg
111,1234_3.jpg,1166_2.jpg,1102_0.jpg,1478_2.jpg,1180_2.jpg,471_3.jpg,217_3.jpg,25_3.jpg,779_0.jpg,133_3.jpg
112,1239_0.jpg,235_2.jpg,112_0.jpg,888_0.jpg,440_0.jpg,440_1.jpg,270_0.jpg,112_1.jpg,638_3.jpg,1496_0.jpg
113,1242_0.jpg,1242_1.jpg,465_0.jpg,1486_3.jpg,1259_1.jpg,1302_0.jpg,1302_1.jpg,219_0.jpg,317_1.jpg,519_3.jpg
114,1242_1.jpg,1259_1.jpg,1242_0.jpg,1572_3.jpg,1102_3.jpg,273_3.jpg,133_3.jpg,404_3.jpg,219_0.jpg,465_3.jpg
115,1242_2.jpg,519_3.jpg,385_1.jpg,471_2.jpg,693_0.jpg,1250_1.jpg,1486_1.jpg,728_3.jpg,118_0.jpg,1166_1.jpg
116,1243_0.jpg,148_1.jpg,1279_0.jpg,427_0.jpg,80_0.jpg,949_1.jpg,385_1.jpg,492_1.jpg,633_1.jpg,1096_0.jpg
117,1245_0.jpg,655_2.jpg,260_0.jpg,444_0.jpg,597_0.jpg,90_0.jpg,35_0.jpg,266_0.jpg,1454_0.jpg,956_0.jpg
118,124_0.jpg,144_0.jpg,131_0.jpg,79_0.jpg,47_0.jpg,277_0.jpg,52_0.jpg,997_2.jpg,311_0.jpg,162_0.jpg
119,1250_0.jpg,746_0.jpg,1275_0.jpg,1250_1.jpg,40_0.jpg,1486_0.jpg,746_1.jpg,1470_1.jpg,471_1.jpg,385_1.jpg
120,1250_1.jpg,471_0.jpg,746_1.jpg,1275_1.jpg,1486_1.jpg,1572_0.jpg,655_3.jpg,217_1.jpg,122_1.jpg,746_2.jpg
121,1255_0.jpg,1088_2.jpg,752_2.jpg,235_2.jpg,178_3.jpg,112_1.jpg,1331_0.jpg,221_0.jpg,907_1.jpg,1425_0.jpg
122,1256_0.jpg,438_0.jpg,438_1.jpg,438_2.jpg,500_1.jpg,500_0.jpg,1342_0.jpg,500_2.jpg,316_0.jpg,492_0.jpg
123,1259_0.jpg,413_0.jpg,1259_1.jpg,219_0.jpg,1052_0.jpg,905_1.jpg,302_1.jpg,907_2.jpg,1470_1.jpg,465_0.jpg
124,1259_1.jpg,1242_1.jpg,1572_3.jpg,465_3.jpg,633_3.jpg,133_3.jpg,1102_3.jpg,219_0.jpg,404_3.jpg,273_3.jpg
125,1260_0.jpg,1260_1.jpg,288_0.jpg,112_0.jpg,1330_0.jpg,306_0.jpg,1496_0.jpg,951_0.jpg,270_0.jpg,458_0.jpg
126,1260_1.jpg,1260_0.jpg,288_0.jpg,112_0.jpg,1330_0.jpg,306_0.jpg,270_0.jpg,1496_0.jpg,308_0.jpg,1355_0.jpg
127,1266_0.jpg,1141_3.jpg,655_3.jpg,949_0.jpg,1594_0.jpg,1594_1.jpg,1095_0.jpg,217_1.jpg,1077_0.jpg,665_0.jpg
128,1266_1.jpg,978_0.jpg,834_2.jpg,569_0.jpg,1048_0.jpg,1169_0.jpg,1538_0.jpg,949_3.jpg,175_0.jpg,1433_0.jpg
129,1268_0.jpg,1427_0.jpg,137_0.jpg,1402_0.jpg,526_0.jpg,163_0.jpg,1454_1.jpg,638_2.jpg,183_0.jpg,1476_0.jpg
130,126_0.jpg,293_0.jpg,1183_0.jpg,655_0.jpg,1352_0.jpg,717_2.jpg,1302_1.jpg,633_1.jpg,898_2.jpg,385_2.jpg
131,1275_0.jpg,122_0.jpg,746_0.jpg,1486_0.jpg,1250_0.jpg,1275_1.jpg,98_0.jpg,40_0.jpg,477_0.jpg,148_0.jpg
132,1275_1.jpg,1486_1.jpg,746_1.jpg,1250_1.jpg,122_2.jpg,122_1.jpg,471_0.jpg,1275_2.jpg,746_2.jpg,471_2.jpg
133,1275_2.jpg,122_2.jpg,122_1.jpg,1486_2.jpg,1275_1.jpg,746_1.jpg,471_2.jpg,746_2.jpg,217_1.jpg,1250_1.jpg
134,1275_3.jpg,746_3.jpg,685_1.jpg,1275_2.jpg,122_1.jpg,685_0.jpg,746_1.jpg,746_2.jpg,728_2.jpg,122_3.jpg
135,1277_0.jpg,1096_0.jpg,812_0.jpg,1180_3.jpg,633_1.jpg,217_3.jpg,1572_1.jpg,1314_2.jpg,492_2.jpg,404_3.jpg
136,1279_0.jpg,1243_0.jpg,530_0.jpg,427_0.jpg,148_1.jpg,133_1.jpg,163_0.jpg,1102_0.jpg,224_0.jpg,133_2.jpg
137,1282_0.jpg,200_1.jpg,1306_1.jpg,1141_2.jpg,404_3.jpg,88_0.jpg,200_2.jpg,717_2.jpg,1499_0.jpg,1486_3.jpg
138,1283_0.jpg,177_0.jpg,956_0.jpg,201_0.jpg,214_0.jpg,400_0.jpg,255_0.jpg,48_0.jpg,5_0.jpg,354_0.jpg
139,1286_0.jpg,1286_1.jpg,693_0.jpg,471_2.jpg,69_0.jpg,191_1.jpg,385_3.jpg,122_2.jpg,655_3.jpg,1604_0.jpg
140,1286_1.jpg,1286_0.jpg,122_2.jpg,385_0.jpg,693_0.jpg,746_2.jpg,69_0.jpg,385_3.jpg,1250_1.jpg,1275_1.jpg
141,1289_0.jpg,1289_1.jpg,1447_0.jpg,1447_1.jpg,253_0.jpg,364_0.jpg,1599_0.jpg,178_0.jpg,178_1.jpg,1015_0.jpg
142,1289_1.jpg,1289_0.jpg,1447_1.jpg,1447_0.jpg,112_1.jpg,263_0.jpg,1111_0.jpg,590_0.jpg,1599_0.jpg,1599_1.jpg
143,128_0.jpg,201_0.jpg,83_0.jpg,88_0.jpg,177_0.jpg,56_0.jpg,245_0.jpg,182_0.jpg,1544_0.jpg,1604_0.jpg
144,1294_0.jpg,740_0.jpg,1515_0.jpg,1122_0.jpg,1166_3.jpg,655_0.jpg,655_2.jpg,1523_2.jpg,293_0.jpg,74_0.jpg
145,1295_0.jpg,471_3.jpg,260_1.jpg,444_1.jpg,133_3.jpg,1478_2.jpg,385_0.jpg,371_1.jpg,444_0.jpg,260_0.jpg
146,1302_0.jpg,1302_1.jpg,465_0.jpg,949_0.jpg,633_0.jpg,1147_0.jpg,464_0.jpg,293_0.jpg,385_1.jpg,1016_0.jpg
147,1302_1.jpg,1302_0.jpg,633_0.jpg,1147_0.jpg,949_0.jpg,40_0.jpg,1016_0.jpg,293_0.jpg,465_0.jpg,385_1.jpg
148,1302_2.jpg,558_3.jpg,978_0.jpg,465_3.jpg,217_3.jpg,1088_0.jpg,717_1.jpg,569_0.jpg,477_3.jpg,465_0.jpg
149,1306_0.jpg,1306_1.jpg,281_1.jpg,811_1.jpg,717_2.jpg,200_1.jpg,200_2.jpg,1282_0.jpg,1594_1.jpg,1594_0.jpg
150,1306_1.jpg,1306_0.jpg,281_1.jpg,1282_0.jpg,811_1.jpg,717_2.jpg,200_1.jpg,200_2.jpg,1594_1.jpg,1594_0.jpg
151,1308_0.jpg,712_0.jpg,1155_0.jpg,1095_0.jpg,260_0.jpg,444_0.jpg,178_0.jpg,266_0.jpg,308_0.jpg,997_0.jpg
152,130_0.jpg,851_0.jpg,631_0.jpg,977_0.jpg,1538_0.jpg,452_0.jpg,357_0.jpg,1433_0.jpg,398_0.jpg,1408_0.jpg
153,1311_0.jpg,1119_0.jpg,893_0.jpg,1159_0.jpg,709_0.jpg,1399_0.jpg,203_0.jpg,1488_0.jpg,767_0.jpg,1439_0.jpg
154,1312_0.jpg,530_1.jpg,973_1.jpg,517_0.jpg,973_0.jpg,1013_1.jpg,241_0.jpg,238_0.jpg,997_2.jpg,208_0.jpg
155,1312_1.jpg,295_2.jpg,269_1.jpg,1289_0.jpg,1111_0.jpg,1387_0.jpg,178_0.jpg,178_1.jpg,1335_1.jpg,364_0.jpg
156,1314_0.jpg,1314_1.jpg,1314_3.jpg,1028_1.jpg,1028_0.jpg,1475_0.jpg,1028_2.jpg,385_3.jpg,1125_2.jpg,168_0.jpg
157,1314_1.jpg,1314_0.jpg,1314_3.jpg,1028_1.jpg,1125_3.jpg,1028_0.jpg,385_3.jpg,1125_2.jpg,949_1.jpg,1028_2.jpg
158,1314_2.jpg,1314_3.jpg,1517_2.jpg,1277_0.jpg,464_2.jpg,171_2.jpg,685_3.jpg,1403_1.jpg,617_0.jpg,633_2.jpg
159,1314_3.jpg,1314_1.jpg,1314_0.jpg,1028_1.jpg,1125_3.jpg,1028_2.jpg,1028_0.jpg,1125_2.jpg,1314_2.jpg,385_3.jpg
160,1315_0.jpg,319_0.jpg,1355_0.jpg,1482_0.jpg,506_0.jpg,1335_1.jpg,1266_0.jpg,865_0.jpg,829_1.jpg,134_2.jpg
161,1315_1.jpg,235_2.jpg,865_0.jpg,506_0.jpg,1482_0.jpg,270_0.jpg,1599_1.jpg,752_2.jpg,1002_0.jpg,306_0.jpg
162,1315_2.jpg,133_0.jpg,997_0.jpg,997_3.jpg,312_0.jpg,177_0.jpg,1102_0.jpg,467_1.jpg,717_0.jpg,1295_0.jpg
163,1316_0.jpg,1478_0.jpg,1147_0.jpg,477_0.jpg,898_0.jpg,38_0.jpg,885_3.jpg,74_0.jpg,477_2.jpg,1180_3.jpg
164,131_0.jpg,144_0.jpg,124_0.jpg,277_0.jpg,79_0.jpg,89_0.jpg,47_0.jpg,997_2.jpg,517_1.jpg,314_0.jpg
165,1320_0.jpg,915_0.jpg,235_0.jpg,316_0.jpg,862_0.jpg,697_0.jpg,1141_2.jpg,1408_0.jpg,7_0.jpg,1568_2.jpg
166,1321_0.jpg,1231_0.jpg,1088_1.jpg,1584_1.jpg,357_0.jpg,548_0.jpg,829_0.jpg,452_0.jpg,1088_3.jpg,1002_0.jpg
167,1322_0.jpg,1378_0.jpg,1504_0.jpg,1164_0.jpg,175_0.jpg,1439_0.jpg,709_0.jpg,1159_0.jpg,203_0.jpg,1488_0.jpg
168,132_0.jpg,112_0.jpg,270_0.jpg,1162_0.jpg,888_0.jpg,1015_1.jpg,1045_0.jpg,1496_0.jpg,458_0.jpg,526_0.jpg
169,132_1.jpg,917_0.jpg,270_0.jpg,526_0.jpg,1162_0.jpg,112_0.jpg,1015_1.jpg,1015_0.jpg,1476_0.jpg,1045_0.jpg
170,1330_0.jpg,112_0.jpg,1260_1.jpg,1260_0.jpg,270_0.jpg,306_0.jpg,1496_0.jpg,92_0.jpg,888_0.jpg,1599_1.jpg
171,1331_0.jpg,221_0.jpg,1467_0.jpg,1088_2.jpg,1164_0.jpg,752_1.jpg,1322_0.jpg,569_1.jpg,752_2.jpg,978_0.jpg
172,1335_0.jpg,295_0.jpg,1121_0.jpg,1072_0.jpg,727_0.jpg,636_0.jpg,635_0.jpg,228_0.jpg,1499_0.jpg,1357_0.jpg
173,1335_1.jpg,235_2.jpg,1259_0.jpg,178_1.jpg,1312_1.jpg,1315_0.jpg,907_2.jpg,752_2.jpg,1111_0.jpg,25_2.jpg
174,1338_0.jpg,1338_1.jpg,128_0.jpg,95_0.jpg,590_1.jpg,411_0.jpg,1013_1.jpg,302_1.jpg,905_1.jpg,655_0.jpg
175,1338_0.jpg,1338_1.jpg,128_0.jpg,95_0.jpg,590_1.jpg,411_0.jpg,1013_1.jpg,302_1.jpg,905_1.jpg,655_0.jpg
176,133_0.jpg,133_2.jpg,312_0.jpg,1008_0.jpg,1008_1.jpg,273_0.jpg,997_0.jpg,898_0.jpg,997_3.jpg,1599_0.jpg
177,133_1.jpg,1166_3.jpg,148_2.jpg,997_2.jpg,655_1.jpg,79_0.jpg,1352_0.jpg,162_0.jpg,973_0.jpg,208_0.jpg
178,133_2.jpg,133_0.jpg,312_1.jpg,273_1.jpg,95_0.jpg,56_0.jpg,997_0.jpg,1478_3.jpg,273_0.jpg,1155_0.jpg
179,133_3.jpg,1102_2.jpg,273_3.jpg,1572_3.jpg,633_3.jpg,1088_0.jpg,371_3.jpg,1259_1.jpg,1403_1.jpg,1403_2.jpg
180,1342_0.jpg,500_2.jpg,500_1.jpg,438_1.jpg,438_2.jpg,438_0.jpg,1256_0.jpg,235_2.jpg,500_0.jpg,492_1.jpg
181,1342_1.jpg,835_0.jpg,638_0.jpg,500_2.jpg,828_1.jpg,1342_0.jpg,638_1.jpg,504_0.jpg,1167_1.jpg,638_2.jpg
182,134_0.jpg,134_1.jpg,34_0.jpg,98_2.jpg,1554_0.jpg,267_0.jpg,500_0.jpg,262_0.jpg,570_1.jpg,292_0.jpg
183,134_1.jpg,1456_0.jpg,288_0.jpg,1122_0.jpg,1355_0.jpg,659_1.jpg,41_0.jpg,102_0.jpg,44_0.jpg,149_0.jpg
184,134_2.jpg,1456_0.jpg,282_0.jpg,655_3.jpg,1478_1.jpg,961_2.jpg,1355_0.jpg,1250_1.jpg,217_1.jpg,888_0.jpg
185,1352_0.jpg,1183_0.jpg,293_0.jpg,1355_0.jpg,655_0.jpg,177_0.jpg,126_0.jpg,779_1.jpg,238_0.jpg,779_0.jpg
186,1355_0.jpg,282_0.jpg,1456_0.jpg,288_0.jpg,308_0.jpg,134_2.jpg,168_0.jpg,306_0.jpg,1478_1.jpg,98_2.jpg
187,1357_0.jpg,461_0.jpg,863_0.jpg,636_0.jpg,1277_0.jpg,182_0.jpg,1455_0.jpg,1523_2.jpg,1122_0.jpg,427_0.jpg
188,1358_0.jpg,1596_0.jpg,1599_0.jpg,458_0.jpg,1045_0.jpg,1015_0.jpg,655_2.jpg,1447_0.jpg,869_0.jpg,1308_0.jpg
189,1358_1.jpg,112_0.jpg,1496_0.jpg,112_1.jpg,92_0.jpg,270_0.jpg,506_0.jpg,888_0.jpg,458_0.jpg,155_0.jpg
190,1363_0.jpg,1517_1.jpg,1223_1.jpg,1243_0.jpg,287_1.jpg,1125_2.jpg,134_2.jpg,1223_0.jpg,461_0.jpg,275_0.jpg
191,1368_0.jpg,1125_1.jpg,1513_2.jpg,411_0.jpg,1408_0.jpg,569_1.jpg,635_0.jpg,178_3.jpg,635_2.jpg,635_1.jpg
192,1377_0.jpg,273_1.jpg,1226_0.jpg,1045_0.jpg,63_0.jpg,273_0.jpg,301_0.jpg,263_0.jpg,91_0.jpg,1070_1.jpg
193,1377_1.jpg,371_2.jpg,191_1.jpg,385_1.jpg,1180_3.jpg,633_1.jpg,217_2.jpg,898_2.jpg,385_0.jpg,385_2.jpg
194,1378_0.jpg,1322_0.jpg,1164_0.jpg,978_0.jpg,569_0.jpg,1504_0.jpg,175_0.jpg,1159_0.jpg,709_0.jpg,1439_0.jpg
195,137_0.jpg,956_0.jpg,1544_0.jpg,404_0.jpg,733_0.jpg,312_0.jpg,201_0.jpg,354_0.jpg,733_1.jpg,37_0.jpg
196,1387_0.jpg,951_1.jpg,295_2.jpg,354_1.jpg,354_0.jpg,951_0.jpg,458_0.jpg,1312_1.jpg,178_0.jpg,864_0.jpg
197,203_0.jpg,1399_0.jpg,1488_0.jpg,767_0.jpg,709_0.jpg,1159_0.jpg,1439_0.jpg,575_0.jpg,1000_0.jpg,893_0.jpg
198,1402_0.jpg,740_0.jpg,917_0.jpg,1260_1.jpg,1294_0.jpg,1447_0.jpg,829_3.jpg,25_0.jpg,1604_0.jpg,1599_0.jpg
199,1403_0.jpg,1478_3.jpg,258_0.jpg,245_0.jpg,570_1.jpg,5_0.jpg,121_0.jpg,1478_1.jpg,288_0.jpg,88_0.jpg
200,1403_1.jpg,1403_2.jpg,273_3.jpg,1170_2.jpg,1170_1.jpg,98_3.jpg,371_3.jpg,133_3.jpg,949_2.jpg,1166_2.jpg
201,1403_2.jpg,1403_1.jpg,1170_1.jpg,273_3.jpg,1170_2.jpg,98_3.jpg,133_3.jpg,371_3.jpg,1166_2.jpg,949_2.jpg
202,1408_0.jpg,697_0.jpg,862_0.jpg,944_0.jpg,463_0.jpg,7_0.jpg,1538_0.jpg,398_0.jpg,130_0.jpg,727_0.jpg
203,140_0.jpg,1048_0.jpg,931_0.jpg,893_0.jpg,1439_0.jpg,1159_0.jpg,709_0.jpg,1488_0.jpg,1399_0.jpg,767_0.jpg
204,1413_0.jpg,1470_0.jpg,875_1.jpg,1544_0.jpg,973_1.jpg,217_2.jpg,262_0.jpg,961_1.jpg,728_3.jpg,1478_3.jpg
205,1413_1.jpg,219_0.jpg,1413_3.jpg,1572_1.jpg,569_1.jpg,978_0.jpg,885_1.jpg,1322_0.jpg,471_2.jpg,875_2.jpg
206,1413_2.jpg,1413_1.jpg,191_3.jpg,191_0.jpg,1413_0.jpg,221_0.jpg,1052_0.jpg,1234_0.jpg,1141_1.jpg,1250_0.jpg
207,1413_3.jpg,569_1.jpg,909_1.jpg,909_3.jpg,885_1.jpg,1302_1.jpg,1088_3.jpg,685_0.jpg,1413_1.jpg,385_0.jpg
208,1416_0.jpg,273_1.jpg,152_1.jpg,83_0.jpg,823_0.jpg,273_0.jpg,540_0.jpg,733_1.jpg,956_0.jpg,638_2.jpg
209,1419_0.jpg,1419_2.jpg,1419_1.jpg,636_0.jpg,281_3.jpg,1513_3.jpg,909_1.jpg,176_3.jpg,1117_0.jpg,1102_2.jpg
210,1419_1.jpg,1419_0.jpg,1419_2.jpg,1286_1.jpg,636_0.jpg,176_3.jpg,281_3.jpg,281_1.jpg,1266_1.jpg,1286_0.jpg
211,1419_2.jpg,1419_0.jpg,1513_3.jpg,1419_1.jpg,114_0.jpg,1568_0.jpg,1547_0.jpg,583_0.jpg,43_0.jpg,212_0.jpg
212,1425_0.jpg,752_1.jpg,752_2.jpg,221_0.jpg,1331_0.jpg,175_0.jpg,1467_0.jpg,1519_0.jpg,752_0.jpg,1538_0.jpg
213,1426_0.jpg,917_0.jpg,430_0.jpg,35_0.jpg,526_0.jpg,993_0.jpg,263_0.jpg,1162_0.jpg,270_0.jpg,1045_0.jpg
214,1427_0.jpg,526_0.jpg,155_0.jpg,430_0.jpg,458_0.jpg,1358_1.jpg,655_2.jpg,112_0.jpg,888_0.jpg,270_0.jpg
215,142_0.jpg,64_0.jpg,1455_0.jpg,11_0.jpg,1599_0.jpg,64_1.jpg,66_0.jpg,133_0.jpg,34_0.jpg,665_1.jpg
216,1433_0.jpg,915_0.jpg,130_0.jpg,617_0.jpg,1408_0.jpg,398_0.jpg,1538_0.jpg,851_0.jpg,350_0.jpg,977_0.jpg
217,1437_0.jpg,611_0.jpg,1523_1.jpg,1294_0.jpg,1180_0.jpg,152_2.jpg,590_0.jpg,1045_0.jpg,178_1.jpg,519_1.jpg
218,1439_0.jpg,1488_0.jpg,767_0.jpg,1399_0.jpg,203_0.jpg,1159_0.jpg,709_0.jpg,575_0.jpg,1000_0.jpg,893_0.jpg
219,1447_0.jpg,1289_0.jpg,1447_1.jpg,1599_0.jpg,178_1.jpg,178_0.jpg,1111_0.jpg,364_0.jpg,1289_1.jpg,1045_0.jpg
220,1447_1.jpg,1447_0.jpg,1289_0.jpg,364_0.jpg,1289_1.jpg,638_3.jpg,1015_1.jpg,178_0.jpg,458_0.jpg,951_0.jpg
221,144_0.jpg,124_0.jpg,131_0.jpg,47_0.jpg,79_0.jpg,277_0.jpg,1554_0.jpg,102_0.jpg,997_2.jpg,311_0.jpg
222,1454_0.jpg,1596_0.jpg,1245_0.jpg,1476_0.jpg,1015_0.jpg,258_0.jpg,1015_1.jpg,917_0.jpg,266_0.jpg,655_2.jpg
223,1454_1.jpg,1482_0.jpg,506_0.jpg,865_0.jpg,270_0.jpg,1239_0.jpg,898_1.jpg,134_2.jpg,306_0.jpg,1599_1.jpg
224,1455_0.jpg,1544_0.jpg,177_0.jpg,1102_0.jpg,1515_0.jpg,1599_0.jpg,228_0.jpg,182_0.jpg,1245_0.jpg,1122_0.jpg
225,1456_0.jpg,282_0.jpg,1355_0.jpg,134_2.jpg,1478_1.jpg,288_0.jpg,168_0.jpg,308_0.jpg,5_0.jpg,1478_3.jpg
226,1459_0.jpg,385_2.jpg,1166_0.jpg,7_0.jpg,1013_1.jpg,944_0.jpg,91_0.jpg,191_1.jpg,728_0.jpg,1170_0.jpg
227,1465_0.jpg,909_1.jpg,1513_2.jpg,727_0.jpg,36_0.jpg,875_2.jpg,635_2.jpg,1419_2.jpg,1119_0.jpg,1311_0.jpg
228,1467_0.jpg,569_1.jpg,893_0.jpg,575_0.jpg,1322_0.jpg,709_0.jpg,1159_0.jpg,1164_0.jpg,221_0.jpg,1331_0.jpg
229,1470_0.jpg,519_3.jpg,471_2.jpg,1242_2.jpg,746_2.jpg,885_1.jpg,898_2.jpg,122_2.jpg,1486_1.jpg,1275_1.jpg
230,1470_1.jpg,471_1.jpg,385_1.jpg,1250_0.jpg,40_0.jpg,746_0.jpg,949_0.jpg,38_0.jpg,728_3.jpg,1302_0.jpg
231,1475_0.jpg,1028_1.jpg,1028_0.jpg,1028_2.jpg,624_0.jpg,1314_0.jpg,1513_3.jpg,1117_0.jpg,385_3.jpg,1167_2.jpg
232,1475_1.jpg,1314_0.jpg,1028_1.jpg,1028_0.jpg,1475_0.jpg,1028_2.jpg,398_0.jpg,1314_1.jpg,1314_3.jpg,316_0.jpg
233,1476_0.jpg,35_0.jpg,1596_0.jpg,526_0.jpg,1454_0.jpg,1245_0.jpg,458_0.jpg,1447_0.jpg,1455_0.jpg,1045_0.jpg
234,1478_0.jpg,949_0.jpg,633_0.jpg,885_3.jpg,1147_0.jpg,1478_1.jpg,471_1.jpg,34_0.jpg,1302_1.jpg,728_3.jpg
235,1478_1.jpg,1478_3.jpg,1456_0.jpg,134_2.jpg,245_0.jpg,1355_0.jpg,238_0.jpg,282_0.jpg,961_2.jpg,88_0.jpg
236,1478_2.jpg,371_1.jpg,1180_2.jpg,1295_0.jpg,471_3.jpg,178_3.jpg,1234_3.jpg,1102_1.jpg,1166_2.jpg,779_0.jpg
237,1478_3.jpg,48_0.jpg,1170_0.jpg,1478_1.jpg,245_0.jpg,280_0.jpg,1403_0.jpg,194_0.jpg,997_0.jpg,1604_0.jpg
238,1482_0.jpg,506_0.jpg,865_0.jpg,270_0.jpg,1454_1.jpg,1239_0.jpg,112_0.jpg,1358_1.jpg,888_0.jpg,410_0.jpg
239,1486_0.jpg,1275_0.jpg,40_0.jpg,746_0.jpg,1486_1.jpg,471_1.jpg,1250_0.jpg,477_0.jpg,1486_3.jpg,746_1.jpg
240,1486_1.jpg,1275_1.jpg,746_1.jpg,1250_1.jpg,471_2.jpg,471_0.jpg,753_1.jpg,1572_0.jpg,122_2.jpg,728_1.jpg
241,1486_2.jpg,1275_2.jpg,746_1.jpg,1486_1.jpg,746_2.jpg,961_2.jpg,655_3.jpg,217_1.jpg,122_2.jpg,471_2.jpg
242,1486_3.jpg,875_1.jpg,217_2.jpg,728_3.jpg,519_3.jpg,570_3.jpg,1180_3.jpg,961_0.jpg,655_1.jpg,1486_0.jpg
243,203_0.jpg,1399_0.jpg,1488_0.jpg,767_0.jpg,709_0.jpg,1159_0.jpg,1439_0.jpg,575_0.jpg,1000_0.jpg,893_0.jpg
244,148_0.jpg,40_0.jpg,477_0.jpg,1275_0.jpg,1486_0.jpg,570_0.jpg,371_0.jpg,122_0.jpg,898_0.jpg,746_0.jpg
245,148_1.jpg,1243_0.jpg,570_1.jpg,427_0.jpg,492_2.jpg,492_1.jpg,217_2.jpg,492_0.jpg,1279_0.jpg,312_1.jpg
246,148_2.jpg,1166_3.jpg,133_1.jpg,973_0.jpg,997_2.jpg,728_3.jpg,171_3.jpg,191_1.jpg,238_0.jpg,655_1.jpg
247,148_3.jpg,171_2.jpg,753_3.jpg,685_3.jpg,122_3.jpg,1572_2.jpg,1572_3.jpg,875_2.jpg,217_3.jpg,1191_0.jpg
248,1496_0.jpg,112_0.jpg,888_0.jpg,270_0.jpg,1260_0.jpg,1260_1.jpg,1330_0.jpg,1045_0.jpg,1358_1.jpg,92_0.jpg
249,1497_0.jpg,922_0.jpg,977_0.jpg,465_0.jpg,452_0.jpg,1102_1.jpg,885_3.jpg,1568_1.jpg,114_1.jpg,583_1.jpg
250,1499_0.jpg,1282_0.jpg,200_2.jpg,200_1.jpg,797_0.jpg,790_0.jpg,635_1.jpg,1141_2.jpg,1121_0.jpg,727_0.jpg
251,149_0.jpg,41_0.jpg,161_0.jpg,75_0.jpg,102_0.jpg,172_0.jpg,191_1.jpg,77_0.jpg,89_0.jpg,1554_0.jpg
252,1504_0.jpg,1322_0.jpg,893_0.jpg,1048_0.jpg,1439_0.jpg,203_0.jpg,1488_0.jpg,767_0.jpg,1399_0.jpg,1000_0.jpg
253,1506_0.jpg,1506_2.jpg,1506_1.jpg,507_0.jpg,95_0.jpg,442_0.jpg,997_0.jpg,292_0.jpg,733_1.jpg,1475_0.jpg
254,1506_1.jpg,1506_2.jpg,1506_0.jpg,1091_0.jpg,733_3.jpg,733_1.jpg,671_3.jpg,287_1.jpg,287_0.jpg,287_2.jpg
255,1506_2.jpg,1506_1.jpg,1506_0.jpg,1091_0.jpg,733_3.jpg,507_0.jpg,671_3.jpg,733_1.jpg,985_0.jpg,997_0.jpg
256,1506_3.jpg,444_0.jpg,260_0.jpg,194_0.jpg,997_0.jpg,1506_0.jpg,134_2.jpg,148_1.jpg,477_2.jpg,570_3.jpg
257,1513_0.jpg,1513_1.jpg,1517_2.jpg,292_1.jpg,292_0.jpg,1513_2.jpg,1517_0.jpg,1180_2.jpg,1242_1.jpg,1403_2.jpg
258,1513_1.jpg,1513_0.jpg,1517_2.jpg,292_1.jpg,1513_2.jpg,1517_3.jpg,1180_2.jpg,1517_0.jpg,292_0.jpg,1242_1.jpg
259,1513_2.jpg,1513_0.jpg,1513_1.jpg,1368_0.jpg,292_1.jpg,411_0.jpg,292_0.jpg,635_2.jpg,178_3.jpg,1180_2.jpg
260,1513_3.jpg,114_0.jpg,628_0.jpg,43_0.jpg,1547_0.jpg,1568_0.jpg,583_0.jpg,212_0.jpg,624_0.jpg,1475_0.jpg
261,1515_0.jpg,89_0.jpg,314_0.jpg,1478_3.jpg,1523_2.jpg,41_0.jpg,238_0.jpg,305_0.jpg,262_0.jpg,34_0.jpg
262,1517_0.jpg,1517_2.jpg,1513_0.jpg,1513_1.jpg,1517_3.jpg,1141_2.jpg,717_2.jpg,171_2.jpg,1568_0.jpg,1547_0.jpg
263,1517_1.jpg,1282_0.jpg,464_1.jpg,1568_0.jpg,583_0.jpg,1547_0.jpg,628_0.jpg,212_0.jpg,43_0.jpg,114_0.jpg
264,1517_2.jpg,1513_0.jpg,1517_0.jpg,1513_1.jpg,1517_3.jpg,292_1.jpg,292_0.jpg,949_3.jpg,1242_1.jpg,1259_1.jpg
265,1517_3.jpg,1517_2.jpg,1513_1.jpg,1517_0.jpg,371_1.jpg,1513_0.jpg,1368_0.jpg,1191_0.jpg,148_3.jpg,404_1.jpg
266,1519_0.jpg,1088_0.jpg,1070_0.jpg,1331_0.jpg,978_0.jpg,217_3.jpg,752_1.jpg,1227_0.jpg,812_0.jpg,1102_1.jpg
267,151_0.jpg,467_0.jpg,80_0.jpg,37_0.jpg,467_1.jpg,385_0.jpg,471_3.jpg,1102_2.jpg,1600_0.jpg,5_0.jpg
268,1523_0.jpg,11_0.jpg,1166_3.jpg,148_2.jpg,1554_0.jpg,1013_1.jpg,997_2.jpg,61_0.jpg,149_0.jpg,199_0.jpg
269,1523_1.jpg,907_1.jpg,1239_0.jpg,235_2.jpg,1255_0.jpg,973_2.jpg,302_1.jpg,905_1.jpg,317_1.jpg,1437_0.jpg
270,1523_2.jpg,1515_0.jpg,633_1.jpg,75_0.jpg,314_0.jpg,1180_3.jpg,133_1.jpg,655_1.jpg,34_0.jpg,208_0.jpg
271,152_0.jpg,685_1.jpg,152_1.jpg,685_0.jpg,746_2.jpg,467_1.jpg,199_0.jpg,885_1.jpg,1470_0.jpg,909_3.jpg
272,152_1.jpg,152_0.jpg,570_1.jpg,1170_0.jpg,1478_3.jpg,885_1.jpg,997_0.jpg,197_0.jpg,122_2.jpg,1604_0.jpg
273,152_2.jpg,1437_0.jpg,655_2.jpg,671_2.jpg,530_0.jpg,1523_1.jpg,611_0.jpg,823_1.jpg,404_1.jpg,1455_0.jpg
274,152_3.jpg,1170_2.jpg,1170_1.jpg,1403_1.jpg,1403_2.jpg,133_3.jpg,885_1.jpg,152_1.jpg,273_3.jpg,98_3.jpg
275,1538_0.jpg,548_0.jpg,452_0.jpg,357_0.jpg,160_0.jpg,98_3.jpg,130_0.jpg,697_0.jpg,862_0.jpg,398_0.jpg
276,1544_0.jpg,48_0.jpg,1478_3.jpg,182_0.jpg,280_0.jpg,194_0.jpg,56_0.jpg,245_0.jpg,88_0.jpg,1170_0.jpg
277,43_0.jpg,1547_0.jpg,628_0.jpg,114_0.jpg,583_0.jpg,212_0.jpg,1568_0.jpg,1568_1.jpg,114_1.jpg,43_1.jpg
278,43_1.jpg,114_1.jpg,628_1.jpg,1568_1.jpg,583_1.jpg,212_1.jpg,1547_1.jpg,212_0.jpg,1547_0.jpg,43_0.jpg
279,1547_2.jpg,1568_2.jpg,628_2.jpg,114_2.jpg,43_2.jpg,583_2.jpg,212_2.jpg,1142_1.jpg,1169_1.jpg,1320_0.jpg
280,1554_0.jpg,47_0.jpg,102_0.jpg,162_0.jpg,79_0.jpg,144_0.jpg,172_0.jpg,34_0.jpg,31_0.jpg,262_0.jpg
281,1232_0.jpg,1557_0.jpg,534_0.jpg,970_0.jpg,944_0.jpg,894_0.jpg,385_3.jpg,464_0.jpg,7_0.jpg,1594_0.jpg
282,155_0.jpg,917_0.jpg,1162_0.jpg,458_0.jpg,270_0.jpg,1045_0.jpg,112_0.jpg,1358_1.jpg,1330_0.jpg,1427_0.jpg
283,1560_0.jpg,1560_3.jpg,1560_1.jpg,34_0.jpg,149_0.jpg,246_0.jpg,1560_2.jpg,969_0.jpg,540_1.jpg,41_0.jpg
284,1560_1.jpg,1560_3.jpg,1560_0.jpg,1250_0.jpg,746_0.jpg,77_0.jpg,1234_1.jpg,134_1.jpg,149_0.jpg,246_0.jpg
285,1560_2.jpg,465_3.jpg,1259_1.jpg,633_3.jpg,133_3.jpg,1560_0.jpg,1572_3.jpg,371_3.jpg,1242_1.jpg,1088_0.jpg
286,1560_3.jpg,1560_0.jpg,1560_1.jpg,149_0.jpg,969_0.jpg,191_1.jpg,91_0.jpg,34_0.jpg,246_0.jpg,728_3.jpg
287,43_0.jpg,1547_0.jpg,628_0.jpg,114_0.jpg,583_0.jpg,212_0.jpg,1568_0.jpg,1568_1.jpg,114_1.jpg,43_1.jpg
288,43_1.jpg,114_1.jpg,628_1.jpg,1568_1.jpg,583_1.jpg,212_1.jpg,1547_1.jpg,212_0.jpg,1547_0.jpg,43_0.jpg
289,1547_2.jpg,1568_2.jpg,628_2.jpg,114_2.jpg,43_2.jpg,583_2.jpg,212_2.jpg,1142_1.jpg,1169_1.jpg,1320_0.jpg
290,1572_0.jpg,753_1.jpg,746_1.jpg,1250_1.jpg,1486_1.jpg,655_3.jpg,122_1.jpg,1275_1.jpg,885_1.jpg,471_0.jpg
291,1572_1.jpg,217_3.jpg,1088_0.jpg,1572_3.jpg,875_2.jpg,685_3.jpg,219_0.jpg,1572_2.jpg,122_3.jpg,1403_1.jpg
292,1572_2.jpg,122_3.jpg,753_3.jpg,1572_1.jpg,148_3.jpg,171_2.jpg,978_0.jpg,651_0.jpg,1000_3.jpg,875_2.jpg
293,1572_3.jpg,133_3.jpg,1259_1.jpg,1572_1.jpg,1102_3.jpg,1088_0.jpg,273_3.jpg,1242_1.jpg,753_3.jpg,404_3.jpg
294,1584_0.jpg,829_0.jpg,829_2.jpg,829_1.jpg,1584_1.jpg,1088_1.jpg,829_3.jpg,465_0.jpg,1321_0.jpg,1052_0.jpg
295,1584_1.jpg,829_0.jpg,1321_0.jpg,1584_0.jpg,1088_1.jpg,148_2.jpg,553_0.jpg,1231_0.jpg,829_1.jpg,1433_0.jpg
296,1588_0.jpg,1588_1.jpg,160_0.jpg,869_1.jpg,1223_1.jpg,1496_0.jpg,282_0.jpg,1355_0.jpg,112_0.jpg,1109_0.jpg
297,1588_1.jpg,160_0.jpg,1088_0.jpg,1588_0.jpg,655_3.jpg,134_2.jpg,746_1.jpg,1223_1.jpg,961_2.jpg,728_3.jpg
298,1594_1.jpg,1594_0.jpg,937_0.jpg,655_3.jpg,915_0.jpg,200_1.jpg,200_2.jpg,1320_0.jpg,412_0.jpg,1141_3.jpg
299,1594_1.jpg,1594_0.jpg,937_0.jpg,655_3.jpg,915_0.jpg,200_1.jpg,200_2.jpg,1320_0.jpg,412_0.jpg,1141_3.jpg
300,1596_0.jpg,1015_0.jpg,1015_1.jpg,997_0.jpg,951_0.jpg,1454_0.jpg,997_3.jpg,258_0.jpg,458_0.jpg,1180_0.jpg
301,1599_0.jpg,178_1.jpg,1015_0.jpg,1447_0.jpg,177_0.jpg,178_0.jpg,997_0.jpg,997_3.jpg,1015_1.jpg,95_0.jpg
302,1599_1.jpg,590_1.jpg,270_0.jpg,25_0.jpg,590_0.jpg,25_2.jpg,112_1.jpg,178_0.jpg,440_1.jpg,1330_0.jpg
303,1600_0.jpg,956_0.jpg,400_0.jpg,597_0.jpg,48_0.jpg,212_0.jpg,1568_0.jpg,583_0.jpg,43_0.jpg,1547_0.jpg
304,1604_0.jpg,305_0.jpg,191_1.jpg,88_0.jpg,1478_3.jpg,238_0.jpg,1170_0.jpg,83_0.jpg,48_0.jpg,118_0.jpg
305,160_0.jpg,931_0.jpg,1538_0.jpg,1048_0.jpg,548_0.jpg,1109_0.jpg,175_0.jpg,140_0.jpg,133_3.jpg,708_0.jpg
306,161_0.jpg,162_0.jpg,149_0.jpg,102_0.jpg,75_0.jpg,60_0.jpg,41_0.jpg,16_0.jpg,262_0.jpg,89_0.jpg
307,162_0.jpg,161_0.jpg,16_0.jpg,47_0.jpg,102_0.jpg,1554_0.jpg,249_0.jpg,262_0.jpg,685_2.jpg,124_0.jpg
308,163_0.jpg,228_0.jpg,201_0.jpg,214_0.jpg,226_0.jpg,956_0.jpg,540_0.jpg,48_0.jpg,530_0.jpg,305_0.jpg
309,168_0.jpg,1355_0.jpg,1456_0.jpg,83_0.jpg,288_0.jpg,385_3.jpg,282_0.jpg,121_0.jpg,1604_0.jpg,134_2.jpg
310,16_0.jpg,162_0.jpg,102_0.jpg,41_0.jpg,172_0.jpg,1554_0.jpg,161_0.jpg,249_0.jpg,314_0.jpg,47_0.jpg
311,171_0.jpg,746_1.jpg,98_1.jpg,122_1.jpg,519_1.jpg,746_2.jpg,655_3.jpg,1250_1.jpg,1486_1.jpg,519_3.jpg
312,171_1.jpg,1166_1.jpg,728_1.jpg,98_2.jpg,753_2.jpg,1486_1.jpg,746_1.jpg,1275_1.jpg,69_0.jpg,191_2.jpg
313,171_2.jpg,148_3.jpg,122_3.jpg,1102_3.jpg,1572_2.jpg,685_3.jpg,404_2.jpg,217_3.jpg,651_0.jpg,114_0.jpg
314,171_3.jpg,728_3.jpg,385_2.jpg,371_2.jpg,875_1.jpg,898_2.jpg,148_2.jpg,570_3.jpg,1180_3.jpg,519_3.jpg
315,172_0.jpg,41_0.jpg,1554_0.jpg,102_0.jpg,149_0.jpg,16_0.jpg,162_0.jpg,60_0.jpg,31_0.jpg,311_0.jpg
316,175_0.jpg,1322_0.jpg,931_0.jpg,1159_0.jpg,709_0.jpg,1164_0.jpg,978_0.jpg,575_0.jpg,140_0.jpg,1439_0.jpg
317,176_0.jpg,477_2.jpg,1180_3.jpg,385_1.jpg,633_1.jpg,471_0.jpg,1523_2.jpg,168_0.jpg,898_2.jpg,969_0.jpg
318,176_1.jpg,811_2.jpg,811_3.jpg,1149_0.jpg,893_0.jpg,746_2.jpg,1000_0.jpg,895_0.jpg,217_1.jpg,1488_0.jpg
319,176_2.jpg,176_3.jpg,1102_2.jpg,133_3.jpg,438_0.jpg,1256_0.jpg,492_2.jpg,1295_0.jpg,477_3.jpg,1102_1.jpg
320,176_3.jpg,176_2.jpg,133_3.jpg,477_3.jpg,1403_1.jpg,1170_2.jpg,1102_2.jpg,1403_2.jpg,1170_1.jpg,471_0.jpg
321,177_0.jpg,997_0.jpg,442_0.jpg,178_0.jpg,95_0.jpg,280_0.jpg,178_1.jpg,1478_3.jpg,540_0.jpg,1_0.jpg
322,178_0.jpg,178_1.jpg,997_0.jpg,177_0.jpg,997_3.jpg,25_0.jpg,253_0.jpg,64_1.jpg,1599_0.jpg,95_0.jpg
323,178_1.jpg,178_0.jpg,1599_0.jpg,177_0.jpg,997_0.jpg,25_0.jpg,1013_1.jpg,1045_0.jpg,997_3.jpg,95_0.jpg
324,178_2.jpg,178_1.jpg,178_3.jpg,1242_1.jpg,1275_3.jpg,25_0.jpg,717_0.jpg,740_0.jpg,1242_0.jpg,746_3.jpg
325,178_3.jpg,371_1.jpg,1478_2.jpg,273_3.jpg,1180_2.jpg,411_0.jpg,997_1.jpg,1223_2.jpg,178_0.jpg,1242_1.jpg
326,182_0.jpg,280_0.jpg,201_0.jpg,88_0.jpg,55_0.jpg,56_0.jpg,245_0.jpg,258_0.jpg,266_0.jpg,305_0.jpg
327,183_0.jpg,182_0.jpg,88_0.jpg,56_0.jpg,245_0.jpg,305_0.jpg,782_0.jpg,1604_0.jpg,90_0.jpg,104_0.jpg
328,191_0.jpg,191_3.jpg,191_1.jpg,1180_3.jpg,371_2.jpg,875_1.jpg,217_2.jpg,728_3.jpg,149_0.jpg,241_0.jpg
329,191_1.jpg,973_1.jpg,1604_0.jpg,149_0.jpg,371_2.jpg,148_2.jpg,961_1.jpg,728_3.jpg,238_0.jpg,69_0.jpg
330,191_2.jpg,728_3.jpg,191_1.jpg,121_0.jpg,1166_1.jpg,48_0.jpg,728_1.jpg,191_3.jpg,171_1.jpg,1478_3.jpg
331,191_3.jpg,191_0.jpg,191_1.jpg,1180_3.jpg,371_2.jpg,149_0.jpg,875_1.jpg,121_0.jpg,191_2.jpg,134_2.jpg
332,194_0.jpg,1478_3.jpg,1170_0.jpg,48_0.jpg,245_0.jpg,88_0.jpg,733_1.jpg,282_0.jpg,1456_0.jpg,55_0.jpg
333,195_0.jpg,1166_2.jpg,411_0.jpg,984_0.jpg,733_3.jpg,1478_2.jpg,1425_0.jpg,64_2.jpg,1234_3.jpg,907_2.jpg
334,197_0.jpg,1170_0.jpg,728_1.jpg,69_0.jpg,95_0.jpg,1478_3.jpg,471_2.jpg,1166_1.jpg,1486_2.jpg,1604_0.jpg
335,198_0.jpg,41_0.jpg,31_0.jpg,149_0.jpg,249_0.jpg,60_0.jpg,124_0.jpg,172_0.jpg,102_0.jpg,1554_0.jpg
336,199_0.jpg,242_0.jpg,1170_0.jpg,238_0.jpg,1478_3.jpg,246_0.jpg,148_2.jpg,305_0.jpg,973_1.jpg,997_0.jpg
337,1_0.jpg,56_0.jpg,177_0.jpg,275_0.jpg,182_0.jpg,997_0.jpg,55_0.jpg,238_0.jpg,280_0.jpg,308_0.jpg
338,200_0.jpg,200_1.jpg,200_2.jpg,1141_2.jpg,651_0.jpg,1282_0.jpg,1594_0.jpg,1594_1.jpg,553_0.jpg,1306_0.jpg
339,200_1.jpg,200_0.jpg,200_2.jpg,1141_2.jpg,1282_0.jpg,651_0.jpg,1594_0.jpg,1594_1.jpg,1306_0.jpg,553_0.jpg
340,200_2.jpg,200_1.jpg,200_0.jpg,651_0.jpg,1141_2.jpg,1594_0.jpg,1594_1.jpg,1282_0.jpg,1306_0.jpg,1306_1.jpg
341,201_0.jpg,182_0.jpg,245_0.jpg,88_0.jpg,5_0.jpg,48_0.jpg,305_0.jpg,80_0.jpg,177_0.jpg,194_0.jpg
342,203_0.jpg,1399_0.jpg,1488_0.jpg,767_0.jpg,709_0.jpg,1159_0.jpg,1439_0.jpg,575_0.jpg,1000_0.jpg,893_0.jpg
343,204_0.jpg,570_3.jpg,246_0.jpg,171_3.jpg,134_2.jpg,34_0.jpg,1486_3.jpg,875_1.jpg,728_3.jpg,558_1.jpg
344,208_0.jpg,162_0.jpg,728_3.jpg,530_1.jpg,385_2.jpg,171_3.jpg,91_0.jpg,133_1.jpg,262_0.jpg,314_0.jpg
345,20_0.jpg,88_0.jpg,48_0.jpg,56_0.jpg,245_0.jpg,182_0.jpg,121_0.jpg,258_0.jpg,134_2.jpg,1355_0.jpg
346,43_0.jpg,1547_0.jpg,628_0.jpg,114_0.jpg,583_0.jpg,212_0.jpg,1568_0.jpg,1568_1.jpg,114_1.jpg,43_1.jpg
347,43_1.jpg,114_1.jpg,628_1.jpg,1568_1.jpg,583_1.jpg,212_1.jpg,1547_1.jpg,212_0.jpg,1547_0.jpg,43_0.jpg
348,1547_2.jpg,1568_2.jpg,628_2.jpg,114_2.jpg,43_2.jpg,583_2.jpg,212_2.jpg,1142_1.jpg,1169_1.jpg,1320_0.jpg
349,214_0.jpg,238_0.jpg,540_0.jpg,997_0.jpg,226_0.jpg,1250_1.jpg,997_3.jpg,1478_3.jpg,312_0.jpg,80_0.jpg
350,217_0.jpg,199_0.jpg,214_0.jpg,246_0.jpg,40_0.jpg,148_0.jpg,477_0.jpg,540_0.jpg,1250_0.jpg,997_0.jpg
351,217_1.jpg,655_3.jpg,746_2.jpg,1250_1.jpg,961_2.jpg,746_1.jpg,465_2.jpg,1275_2.jpg,1486_2.jpg,134_2.jpg
352,217_2.jpg,875_1.jpg,1486_3.jpg,371_2.jpg,728_3.jpg,385_1.jpg,1180_3.jpg,171_3.jpg,519_3.jpg,655_1.jpg
353,217_3.jpg,875_2.jpg,1572_1.jpg,477_3.jpg,1088_0.jpg,717_1.jpg,1102_1.jpg,978_0.jpg,133_3.jpg,1125_1.jpg
354,219_0.jpg,1259_1.jpg,1102_3.jpg,1572_1.jpg,317_1.jpg,404_3.jpg,413_0.jpg,1242_1.jpg,717_1.jpg,1403_1.jpg
355,220_0.jpg,404_3.jpg,281_1.jpg,299_0.jpg,624_0.jpg,617_0.jpg,413_0.jpg,114_0.jpg,212_0.jpg,43_0.jpg
356,221_0.jpg,1331_0.jpg,1467_0.jpg,1088_2.jpg,1322_0.jpg,978_0.jpg,1164_0.jpg,752_1.jpg,1378_0.jpg,175_0.jpg
357,224_0.jpg,31_0.jpg,249_0.jpg,102_0.jpg,301_0.jpg,311_0.jpg,41_0.jpg,1122_0.jpg,314_0.jpg,131_0.jpg
358,225_0.jpg,1166_1.jpg,201_0.jpg,80_0.jpg,1478_3.jpg,88_0.jpg,48_0.jpg,728_1.jpg,385_0.jpg,1242_2.jpg
359,226_0.jpg,238_0.jpg,214_0.jpg,1604_0.jpg,161_0.jpg,162_0.jpg,88_0.jpg,467_1.jpg,540_0.jpg,1478_3.jpg
360,228_0.jpg,238_0.jpg,540_0.jpg,305_0.jpg,214_0.jpg,997_0.jpg,199_0.jpg,242_0.jpg,733_1.jpg,201_0.jpg
361,232_0.jpg,52_0.jpg,277_0.jpg,311_0.jpg,124_0.jpg,301_0.jpg,172_0.jpg,162_0.jpg,41_0.jpg,131_0.jpg
362,234_0.jpg,83_0.jpg,307_0.jpg,305_0.jpg,182_0.jpg,121_0.jpg,1604_0.jpg,201_0.jpg,118_0.jpg,973_1.jpg
363,235_0.jpg,1378_0.jpg,1320_0.jpg,1164_0.jpg,221_0.jpg,1322_0.jpg,1088_2.jpg,752_1.jpg,1331_0.jpg,624_0.jpg
364,235_1.jpg,895_0.jpg,624_0.jpg,440_1.jpg,665_1.jpg,287_1.jpg,835_0.jpg,1167_2.jpg,95_0.jpg,235_0.jpg
365,235_2.jpg,440_0.jpg,1239_0.jpg,440_1.jpg,364_0.jpg,500_2.jpg,752_2.jpg,500_1.jpg,317_1.jpg,835_0.jpg
366,238_0.jpg,242_0.jpg,228_0.jpg,214_0.jpg,973_1.jpg,1604_0.jpg,1478_1.jpg,148_2.jpg,199_0.jpg,226_0.jpg
367,241_0.jpg,973_1.jpg,191_1.jpg,517_0.jpg,1312_0.jpg,267_0.jpg,973_0.jpg,148_2.jpg,530_1.jpg,238_0.jpg
368,242_0.jpg,238_0.jpg,199_0.jpg,305_0.jpg,280_0.jpg,177_0.jpg,1478_1.jpg,961_1.jpg,1355_0.jpg,1604_0.jpg
369,245_0.jpg,88_0.jpg,5_0.jpg,201_0.jpg,961_2.jpg,1478_3.jpg,1478_1.jpg,305_0.jpg,258_0.jpg,55_0.jpg
370,246_0.jpg,61_0.jpg,11_0.jpg,34_0.jpg,217_2.jpg,77_0.jpg,199_0.jpg,311_0.jpg,728_3.jpg,262_0.jpg
371,249_0.jpg,41_0.jpg,162_0.jpg,47_0.jpg,311_0.jpg,102_0.jpg,124_0.jpg,224_0.jpg,131_0.jpg,31_0.jpg
372,253_0.jpg,178_0.jpg,997_0.jpg,997_3.jpg,280_0.jpg,95_0.jpg,177_0.jpg,1015_0.jpg,1015_1.jpg,1166_3.jpg
373,255_0.jpg,956_0.jpg,442_0.jpg,5_0.jpg,885_1.jpg,293_0.jpg,305_0.jpg,48_0.jpg,400_0.jpg,28_0.jpg
374,258_0.jpg,90_0.jpg,266_0.jpg,307_0.jpg,288_0.jpg,245_0.jpg,1403_0.jpg,55_0.jpg,1478_3.jpg,182_0.jpg
375,25_0.jpg,25_2.jpg,25_1.jpg,312_0.jpg,64_1.jpg,590_1.jpg,80_0.jpg,178_0.jpg,997_0.jpg,898_1.jpg
376,25_1.jpg,25_0.jpg,471_1.jpg,25_2.jpg,64_0.jpg,40_0.jpg,590_1.jpg,1008_0.jpg,1008_1.jpg,519_3.jpg
377,25_2.jpg,25_0.jpg,64_1.jpg,1166_1.jpg,80_0.jpg,25_1.jpg,471_2.jpg,312_1.jpg,1486_1.jpg,728_1.jpg
378,25_3.jpg,1166_2.jpg,64_2.jpg,1234_3.jpg,997_2.jpg,471_3.jpg,973_0.jpg,985_0.jpg,148_2.jpg,1170_2.jpg
379,260_0.jpg,444_0.jpg,1295_0.jpg,1245_0.jpg,471_3.jpg,1095_0.jpg,440_1.jpg,1478_2.jpg,1155_0.jpg,440_0.jpg
380,444_1.jpg,260_1.jpg,1295_0.jpg,133_3.jpg,371_1.jpg,471_3.jpg,984_0.jpg,371_3.jpg,1166_2.jpg,273_3.jpg
381,262_0.jpg,162_0.jpg,44_0.jpg,89_0.jpg,75_0.jpg,1554_0.jpg,102_0.jpg,77_0.jpg,314_0.jpg,161_0.jpg
382,263_0.jpg,526_0.jpg,430_0.jpg,1045_0.jpg,1289_0.jpg,1289_1.jpg,1015_0.jpg,1358_1.jpg,92_0.jpg,277_0.jpg
383,264_0.jpg,56_0.jpg,55_0.jpg,104_0.jpg,1_0.jpg,1478_3.jpg,312_1.jpg,121_0.jpg,80_0.jpg,182_0.jpg
384,266_0.jpg,258_0.jpg,90_0.jpg,55_0.jpg,182_0.jpg,280_0.jpg,80_0.jpg,64_1.jpg,354_0.jpg,177_0.jpg
385,267_0.jpg,238_0.jpg,973_1.jpg,34_0.jpg,973_0.jpg,590_1.jpg,319_0.jpg,191_1.jpg,134_1.jpg,95_0.jpg
386,268_0.jpg,299_0.jpg,398_1.jpg,739_1.jpg,1142_1.jpg,624_0.jpg,1149_0.jpg,1169_1.jpg,1118_0.jpg,1117_0.jpg
387,269_0.jpg,1513_1.jpg,1513_0.jpg,1517_0.jpg,1517_2.jpg,1517_3.jpg,1314_2.jpg,404_1.jpg,1180_2.jpg,292_0.jpg
388,269_1.jpg,1312_1.jpg,235_2.jpg,1111_0.jpg,462_0.jpg,112_1.jpg,1496_0.jpg,295_2.jpg,1162_0.jpg,178_1.jpg
389,270_0.jpg,112_0.jpg,1045_0.jpg,112_1.jpg,888_0.jpg,1496_0.jpg,1599_1.jpg,306_0.jpg,178_0.jpg,1330_0.jpg
390,273_0.jpg,273_1.jpg,312_0.jpg,997_0.jpg,997_3.jpg,477_1.jpg,273_2.jpg,273_3.jpg,25_0.jpg,178_0.jpg
391,273_1.jpg,273_0.jpg,997_3.jpg,312_0.jpg,997_0.jpg,312_1.jpg,64_1.jpg,570_1.jpg,885_1.jpg,273_2.jpg
392,273_2.jpg,273_3.jpg,404_1.jpg,273_0.jpg,273_1.jpg,997_1.jpg,404_3.jpg,1102_3.jpg,1028_2.jpg,885_1.jpg
393,273_3.jpg,1403_1.jpg,133_3.jpg,1403_2.jpg,371_3.jpg,1170_2.jpg,404_3.jpg,1572_3.jpg,1170_1.jpg,1242_1.jpg
394,275_0.jpg,88_0.jpg,1604_0.jpg,305_0.jpg,1_0.jpg,182_0.jpg,56_0.jpg,83_0.jpg,280_0.jpg,258_0.jpg
395,277_0.jpg,144_0.jpg,131_0.jpg,124_0.jpg,52_0.jpg,232_0.jpg,311_0.jpg,301_0.jpg,313_0.jpg,47_0.jpg
396,280_0.jpg,182_0.jpg,1478_3.jpg,997_3.jpg,997_0.jpg,177_0.jpg,258_0.jpg,64_1.jpg,1170_0.jpg,245_0.jpg
397,281_0.jpg,404_3.jpg,281_3.jpg,624_0.jpg,413_0.jpg,875_1.jpg,590_1.jpg,281_1.jpg,471_2.jpg,1180_3.jpg
398,281_1.jpg,1306_0.jpg,1306_1.jpg,220_0.jpg,281_3.jpg,828_0.jpg,811_0.jpg,811_1.jpg,811_2.jpg,811_3.jpg
399,281_2.jpg,281_3.jpg,1166_0.jpg,624_0.jpg,1419_2.jpg,519_1.jpg,739_1.jpg,398_1.jpg,1513_3.jpg,281_1.jpg
400,281_3.jpg,281_1.jpg,281_2.jpg,624_0.jpg,638_3.jpg,1419_0.jpg,316_0.jpg,638_0.jpg,1167_3.jpg,638_2.jpg
401,282_0.jpg,1456_0.jpg,1355_0.jpg,134_2.jpg,655_3.jpg,961_2.jpg,1250_1.jpg,288_0.jpg,217_1.jpg,245_0.jpg
402,287_0.jpg,287_1.jpg,1167_0.jpg,1167_3.jpg,1167_1.jpg,1167_2.jpg,1117_0.jpg,1095_0.jpg,638_0.jpg,1155_0.jpg
403,287_1.jpg,287_0.jpg,1167_0.jpg,1167_3.jpg,1167_1.jpg,1167_2.jpg,1117_0.jpg,442_0.jpg,1155_0.jpg,404_0.jpg
404,287_2.jpg,287_0.jpg,287_1.jpg,1308_0.jpg,1506_1.jpg,638_0.jpg,507_0.jpg,228_0.jpg,1095_0.jpg,733_0.jpg
405,287_3.jpg,287_1.jpg,287_0.jpg,212_2.jpg,43_2.jpg,1568_2.jpg,628_2.jpg,583_2.jpg,114_2.jpg,1547_2.jpg
406,288_0.jpg,1355_0.jpg,308_0.jpg,1456_0.jpg,282_0.jpg,258_0.jpg,1260_1.jpg,306_0.jpg,1478_3.jpg,168_0.jpg
407,28_0.jpg,540_0.jpg,1355_0.jpg,177_0.jpg,961_2.jpg,308_0.jpg,956_0.jpg,1456_0.jpg,305_0.jpg,168_0.jpg
408,292_0.jpg,292_1.jpg,1513_0.jpg,1517_2.jpg,1513_1.jpg,1180_2.jpg,638_0.jpg,733_3.jpg,1513_2.jpg,1403_2.jpg
409,292_1.jpg,292_0.jpg,1513_0.jpg,638_3.jpg,1513_1.jpg,1517_2.jpg,1180_2.jpg,177_0.jpg,1513_2.jpg,1513_3.jpg
410,293_0.jpg,655_0.jpg,126_0.jpg,1183_0.jpg,1352_0.jpg,1141_3.jpg,385_2.jpg,949_0.jpg,371_2.jpg,38_0.jpg
411,295_0.jpg,1155_0.jpg,636_0.jpg,1095_0.jpg,584_0.jpg,1352_0.jpg,540_0.jpg,1506_0.jpg,178_1.jpg,638_3.jpg
412,295_1.jpg,398_0.jpg,500_1.jpg,1167_2.jpg,500_2.jpg,1167_3.jpg,739_0.jpg,697_0.jpg,862_0.jpg,1167_0.jpg
413,295_2.jpg,951_1.jpg,1387_0.jpg,951_0.jpg,1312_1.jpg,500_1.jpg,500_0.jpg,178_0.jpg,500_2.jpg,492_2.jpg
414,295_3.jpg,1596_0.jpg,1015_0.jpg,997_0.jpg,178_1.jpg,1599_0.jpg,178_0.jpg,1015_1.jpg,1166_0.jpg,997_3.jpg
415,299_0.jpg,268_0.jpg,624_0.jpg,739_1.jpg,398_1.jpg,220_0.jpg,1142_1.jpg,1118_0.jpg,1547_1.jpg,212_1.jpg
416,301_0.jpg,277_0.jpg,31_0.jpg,102_0.jpg,311_0.jpg,41_0.jpg,313_0.jpg,224_0.jpg,1554_0.jpg,249_0.jpg
417,302_0.jpg,905_0.jpg,302_1.jpg,905_1.jpg,898_2.jpg,728_3.jpg,655_3.jpg,471_1.jpg,385_1.jpg,267_0.jpg
418,302_1.jpg,905_1.jpg,590_1.jpg,905_0.jpg,302_0.jpg,885_1.jpg,440_1.jpg,440_0.jpg,471_1.jpg,471_2.jpg
419,305_0.jpg,56_0.jpg,1604_0.jpg,48_0.jpg,307_0.jpg,5_0.jpg,88_0.jpg,517_0.jpg,245_0.jpg,973_1.jpg
420,306_0.jpg,1355_0.jpg,308_0.jpg,288_0.jpg,888_0.jpg,440_1.jpg,1260_1.jpg,440_0.jpg,1456_0.jpg,270_0.jpg
421,307_0.jpg,305_0.jpg,258_0.jpg,121_0.jpg,234_0.jpg,48_0.jpg,90_0.jpg,182_0.jpg,5_0.jpg,88_0.jpg
422,308_0.jpg,1355_0.jpg,288_0.jpg,1456_0.jpg,306_0.jpg,282_0.jpg,28_0.jpg,1_0.jpg,1478_1.jpg,178_0.jpg
423,30_0.jpg,66_0.jpg,51_0.jpg,11_0.jpg,1455_0.jpg,177_0.jpg,89_0.jpg,1166_3.jpg,665_1.jpg,34_0.jpg
424,311_0.jpg,31_0.jpg,124_0.jpg,11_0.jpg,313_0.jpg,249_0.jpg,277_0.jpg,144_0.jpg,131_0.jpg,1122_0.jpg
425,312_0.jpg,273_0.jpg,997_3.jpg,997_0.jpg,312_1.jpg,273_1.jpg,25_0.jpg,80_0.jpg,733_1.jpg,64_1.jpg
426,312_1.jpg,312_0.jpg,273_1.jpg,55_0.jpg,997_3.jpg,1166_1.jpg,570_1.jpg,64_1.jpg,182_0.jpg,280_0.jpg
427,313_0.jpg,44_0.jpg,31_0.jpg,311_0.jpg,41_0.jpg,47_0.jpg,1122_0.jpg,262_0.jpg,277_0.jpg,249_0.jpg
428,314_0.jpg,89_0.jpg,41_0.jpg,131_0.jpg,102_0.jpg,47_0.jpg,77_0.jpg,60_0.jpg,124_0.jpg,262_0.jpg
429,316_0.jpg,500_2.jpg,1320_0.jpg,915_0.jpg,438_1.jpg,350_0.jpg,500_1.jpg,1142_0.jpg,438_0.jpg,438_2.jpg
430,317_0.jpg,440_0.jpg,984_1.jpg,937_0.jpg,440_1.jpg,885_1.jpg,647_0.jpg,442_0.jpg,985_1.jpg,385_2.jpg
431,317_1.jpg,219_0.jpg,978_0.jpg,440_0.jpg,413_0.jpg,440_1.jpg,1322_0.jpg,1102_3.jpg,753_3.jpg,273_3.jpg
432,319_0.jpg,238_0.jpg,1355_0.jpg,267_0.jpg,591_0.jpg,282_0.jpg,168_0.jpg,242_0.jpg,1456_0.jpg,199_0.jpg
433,31_0.jpg,102_0.jpg,311_0.jpg,1554_0.jpg,313_0.jpg,224_0.jpg,124_0.jpg,301_0.jpg,249_0.jpg,131_0.jpg
434,329_0.jpg,371_2.jpg,171_2.jpg,69_0.jpg,1180_3.jpg,404_3.jpg,404_2.jpg,1572_1.jpg,317_0.jpg,477_3.jpg
435,34_0.jpg,1554_0.jpg,11_0.jpg,246_0.jpg,267_0.jpg,262_0.jpg,102_0.jpg,162_0.jpg,77_0.jpg,238_0.jpg
436,350_0.jpg,915_0.jpg,1142_0.jpg,739_0.jpg,617_0.jpg,1408_0.jpg,398_0.jpg,1433_0.jpg,316_0.jpg,130_0.jpg
437,351_0.jpg,176_0.jpg,863_0.jpg,557_1.jpg,1141_3.jpg,168_0.jpg,1260_1.jpg,703_0.jpg,1355_0.jpg,633_1.jpg
438,354_0.jpg,354_1.jpg,177_0.jpg,178_0.jpg,266_0.jpg,997_0.jpg,178_1.jpg,258_0.jpg,308_0.jpg,55_0.jpg
439,354_1.jpg,354_0.jpg,956_0.jpg,266_0.jpg,1387_0.jpg,177_0.jpg,308_0.jpg,178_0.jpg,258_0.jpg,178_1.jpg
440,357_0.jpg,452_0.jpg,548_0.jpg,1538_0.jpg,977_0.jpg,631_0.jpg,697_0.jpg,862_0.jpg,851_0.jpg,160_0.jpg
441,35_0.jpg,430_0.jpg,1245_0.jpg,1476_0.jpg,526_0.jpg,1289_0.jpg,864_0.jpg,458_0.jpg,258_0.jpg,1447_1.jpg
442,364_0.jpg,951_0.jpg,235_2.jpg,1447_1.jpg,273_0.jpg,1111_0.jpg,590_1.jpg,997_3.jpg,95_0.jpg,570_1.jpg
443,36_0.jpg,317_0.jpg,1106_1.jpg,1106_0.jpg,653_0.jpg,541_0.jpg,541_1.jpg,799_2.jpg,647_0.jpg,1111_0.jpg
444,371_0.jpg,746_0.jpg,148_0.jpg,122_0.jpg,1275_0.jpg,98_0.jpg,477_0.jpg,1478_0.jpg,74_0.jpg,1008_0.jpg
445,371_1.jpg,1180_2.jpg,1478_2.jpg,371_3.jpg,178_3.jpg,404_1.jpg,1295_0.jpg,753_3.jpg,273_3.jpg,444_1.jpg
446,371_2.jpg,728_3.jpg,1180_3.jpg,875_1.jpg,171_3.jpg,385_2.jpg,217_2.jpg,633_1.jpg,191_1.jpg,898_2.jpg
447,371_3.jpg,1170_2.jpg,273_3.jpg,1170_1.jpg,1403_1.jpg,133_3.jpg,371_1.jpg,1166_2.jpg,1403_2.jpg,1572_3.jpg
448,1107_0.jpg,374_0.jpg,464_0.jpg,1478_0.jpg,463_0.jpg,633_0.jpg,797_0.jpg,790_0.jpg,799_2.jpg,130_0.jpg
449,37_0.jpg,80_0.jpg,182_0.jpg,201_0.jpg,194_0.jpg,1544_0.jpg,151_0.jpg,55_0.jpg,225_0.jpg,264_0.jpg
450,385_0.jpg,558_0.jpg,1250_1.jpg,385_1.jpg,1295_0.jpg,371_2.jpg,385_3.jpg,385_2.jpg,1077_0.jpg,471_0.jpg
451,385_1.jpg,471_0.jpg,1250_1.jpg,633_1.jpg,746_1.jpg,557_1.jpg,471_2.jpg,217_2.jpg,385_3.jpg,1572_0.jpg
452,385_2.jpg,171_3.jpg,371_2.jpg,875_1.jpg,1141_3.jpg,293_0.jpg,728_3.jpg,1183_0.jpg,385_0.jpg,1352_0.jpg
453,385_3.jpg,471_2.jpg,655_3.jpg,1125_2.jpg,1028_1.jpg,385_1.jpg,693_0.jpg,1250_1.jpg,122_2.jpg,1028_0.jpg
454,38_0.jpg,655_1.jpg,385_1.jpg,949_0.jpg,540_1.jpg,293_0.jpg,148_2.jpg,1183_0.jpg,471_1.jpg,1470_1.jpg
455,398_0.jpg,739_0.jpg,1142_0.jpg,1538_0.jpg,617_0.jpg,98_3.jpg,212_1.jpg,1568_1.jpg,43_1.jpg,1547_1.jpg
456,398_1.jpg,739_1.jpg,1142_1.jpg,1169_1.jpg,624_0.jpg,268_0.jpg,299_0.jpg,1121_0.jpg,1117_0.jpg,1475_0.jpg
457,400_0.jpg,48_0.jpg,5_0.jpg,467_0.jpg,471_0.jpg,1478_3.jpg,80_0.jpg,540_0.jpg,1250_1.jpg,477_1.jpg
458,404_0.jpg,404_1.jpg,1547_0.jpg,43_0.jpg,1568_0.jpg,114_0.jpg,583_0.jpg,628_0.jpg,212_0.jpg,956_0.jpg
459,404_1.jpg,371_1.jpg,273_2.jpg,1547_0.jpg,114_0.jpg,1568_0.jpg,628_0.jpg,583_0.jpg,43_0.jpg,212_0.jpg
460,404_2.jpg,171_2.jpg,404_1.jpg,1572_1.jpg,148_3.jpg,1102_1.jpg,114_0.jpg,1547_0.jpg,212_0.jpg,1568_0.jpg
461,404_3.jpg,1102_3.jpg,273_3.jpg,1259_1.jpg,885_1.jpg,1572_3.jpg,519_3.jpg,1242_1.jpg,219_0.jpg,413_0.jpg
462,406_0.jpg,834_2.jpg,1164_0.jpg,915_0.jpg,1331_0.jpg,1266_0.jpg,464_3.jpg,1467_0.jpg,978_0.jpg,569_0.jpg
463,40_0.jpg,471_1.jpg,1486_0.jpg,148_0.jpg,1250_0.jpg,746_0.jpg,753_0.jpg,1275_0.jpg,728_3.jpg,385_1.jpg
464,410_0.jpg,997_0.jpg,178_0.jpg,64_1.jpg,312_0.jpg,997_3.jpg,273_1.jpg,273_0.jpg,898_1.jpg,214_0.jpg
465,411_0.jpg,178_3.jpg,411_1.jpg,1513_2.jpg,1102_0.jpg,1368_0.jpg,727_0.jpg,177_0.jpg,779_0.jpg,1242_1.jpg
466,411_1.jpg,114_1.jpg,583_1.jpg,212_1.jpg,43_1.jpg,1547_1.jpg,628_1.jpg,1568_1.jpg,1513_3.jpg,1048_0.jpg
467,412_0.jpg,1320_0.jpg,915_0.jpg,1594_1.jpg,1594_0.jpg,569_0.jpg,114_2.jpg,1547_2.jpg,43_2.jpg,212_2.jpg
468,413_0.jpg,1259_0.jpg,1259_1.jpg,219_0.jpg,317_1.jpg,302_1.jpg,905_1.jpg,404_3.jpg,590_1.jpg,1102_3.jpg
469,41_0.jpg,60_0.jpg,249_0.jpg,149_0.jpg,314_0.jpg,172_0.jpg,102_0.jpg,77_0.jpg,47_0.jpg,63_0.jpg
470,427_0.jpg,1243_0.jpg,148_1.jpg,1279_0.jpg,638_2.jpg,530_0.jpg,671_3.jpg,1096_0.jpg,60_0.jpg,133_1.jpg
471,430_0.jpg,35_0.jpg,526_0.jpg,263_0.jpg,655_2.jpg,1009_0.jpg,611_0.jpg,869_0.jpg,740_0.jpg,458_0.jpg
472,431_0.jpg,64_1.jpg,177_0.jpg,997_1.jpg,997_0.jpg,1599_0.jpg,733_1.jpg,266_0.jpg,997_3.jpg,733_0.jpg
473,431_1.jpg,431_2.jpg,431_3.jpg,997_1.jpg,371_3.jpg,287_0.jpg,404_3.jpg,1568_0.jpg,1547_0.jpg,212_0.jpg
474,431_2.jpg,431_1.jpg,431_3.jpg,465_3.jpg,404_3.jpg,1102_3.jpg,915_0.jpg,1125_1.jpg,371_3.jpg,997_1.jpg
475,431_3.jpg,431_2.jpg,431_1.jpg,997_1.jpg,1513_0.jpg,242_0.jpg,1517_2.jpg,292_0.jpg,287_1.jpg,1320_0.jpg
476,438_0.jpg,438_1.jpg,438_2.jpg,1256_0.jpg,500_2.jpg,500_1.jpg,500_0.jpg,316_0.jpg,1342_0.jpg,703_0.jpg
477,438_1.jpg,438_0.jpg,438_2.jpg,500_2.jpg,1256_0.jpg,500_1.jpg,316_0.jpg,1342_0.jpg,500_0.jpg,492_2.jpg
478,438_2.jpg,438_1.jpg,438_0.jpg,500_2.jpg,1256_0.jpg,500_1.jpg,1342_0.jpg,316_0.jpg,500_0.jpg,703_0.jpg
479,43_0.jpg,1547_0.jpg,628_0.jpg,114_0.jpg,583_0.jpg,212_0.jpg,1568_0.jpg,1568_1.jpg,114_1.jpg,43_1.jpg
480,43_1.jpg,114_1.jpg,628_1.jpg,1568_1.jpg,583_1.jpg,212_1.jpg,1547_1.jpg,212_0.jpg,1547_0.jpg,43_0.jpg
481,1547_2.jpg,1568_2.jpg,628_2.jpg,114_2.jpg,43_2.jpg,583_2.jpg,212_2.jpg,1142_1.jpg,1169_1.jpg,1320_0.jpg
482,440_0.jpg,440_1.jpg,985_0.jpg,317_0.jpg,885_1.jpg,235_2.jpg,638_3.jpg,905_1.jpg,302_1.jpg,1355_0.jpg
483,440_1.jpg,440_0.jpg,985_0.jpg,885_1.jpg,235_2.jpg,317_0.jpg,638_3.jpg,905_1.jpg,302_1.jpg,306_0.jpg
484,442_0.jpg,177_0.jpg,95_0.jpg,985_1.jpg,317_0.jpg,885_1.jpg,1170_0.jpg,440_0.jpg,1604_0.jpg,1352_0.jpg
485,260_0.jpg,444_0.jpg,1295_0.jpg,1245_0.jpg,471_3.jpg,1095_0.jpg,440_1.jpg,1478_2.jpg,1155_0.jpg,440_0.jpg
486,444_1.jpg,260_1.jpg,1295_0.jpg,133_3.jpg,371_1.jpg,471_3.jpg,984_0.jpg,371_3.jpg,1166_2.jpg,273_3.jpg
487,44_0.jpg,313_0.jpg,47_0.jpg,262_0.jpg,162_0.jpg,60_0.jpg,161_0.jpg,41_0.jpg,249_0.jpg,172_0.jpg
488,452_0.jpg,548_0.jpg,357_0.jpg,1538_0.jpg,977_0.jpg,697_0.jpg,862_0.jpg,631_0.jpg,130_0.jpg,851_0.jpg
489,458_0.jpg,888_0.jpg,1596_0.jpg,112_0.jpg,1260_0.jpg,1447_1.jpg,951_1.jpg,1162_0.jpg,178_0.jpg,917_0.jpg
490,461_0.jpg,1357_0.jpg,1355_0.jpg,863_0.jpg,308_0.jpg,288_0.jpg,636_0.jpg,295_0.jpg,1368_0.jpg,779_0.jpg
491,462_0.jpg,1260_1.jpg,1226_0.jpg,1496_0.jpg,1355_0.jpg,1260_0.jpg,98_1.jpg,288_0.jpg,98_2.jpg,1111_0.jpg
492,463_0.jpg,944_0.jpg,697_0.jpg,862_0.jpg,7_0.jpg,1408_0.jpg,130_0.jpg,1142_0.jpg,1538_0.jpg,739_0.jpg
493,464_0.jpg,1016_0.jpg,1147_0.jpg,1302_0.jpg,949_0.jpg,465_0.jpg,1302_1.jpg,293_0.jpg,1141_3.jpg,633_0.jpg
494,464_1.jpg,385_3.jpg,717_2.jpg,1250_1.jpg,1048_0.jpg,471_0.jpg,385_1.jpg,685_1.jpg,693_0.jpg,471_2.jpg
495,464_2.jpg,385_0.jpg,404_2.jpg,1547_0.jpg,583_0.jpg,43_0.jpg,628_0.jpg,1568_0.jpg,212_0.jpg,114_0.jpg
496,464_3.jpg,1048_0.jpg,140_0.jpg,915_0.jpg,1433_0.jpg,1408_0.jpg,1164_0.jpg,875_2.jpg,1467_0.jpg,1191_0.jpg
497,465_0.jpg,1302_0.jpg,949_0.jpg,1169_0.jpg,1302_1.jpg,464_0.jpg,717_0.jpg,1088_3.jpg,1242_0.jpg,633_0.jpg
498,465_1.jpg,171_3.jpg,1250_1.jpg,949_0.jpg,122_2.jpg,1234_1.jpg,885_3.jpg,728_3.jpg,1486_1.jpg,519_3.jpg
499,465_2.jpg,746_2.jpg,746_1.jpg,217_1.jpg,1250_1.jpg,1486_2.jpg,122_1.jpg,655_3.jpg,385_1.jpg,1275_2.jpg
500,465_3.jpg,633_3.jpg,1259_1.jpg,133_3.jpg,708_0.jpg,1572_3.jpg,717_1.jpg,1242_1.jpg,471_3.jpg,909_3.jpg
501,467_0.jpg,467_1.jpg,151_0.jpg,80_0.jpg,400_0.jpg,312_0.jpg,201_0.jpg,753_1.jpg,733_1.jpg,733_0.jpg
502,467_1.jpg,467_0.jpg,471_2.jpg,282_0.jpg,245_0.jpg,898_1.jpg,197_0.jpg,88_0.jpg,961_2.jpg,753_1.jpg
503,471_0.jpg,1250_1.jpg,471_2.jpg,1486_1.jpg,746_1.jpg,1275_1.jpg,385_1.jpg,693_0.jpg,1572_0.jpg,122_1.jpg
504,471_1.jpg,40_0.jpg,25_1.jpg,1486_0.jpg,728_3.jpg,385_1.jpg,471_0.jpg,1470_1.jpg,905_1.jpg,302_1.jpg
505,471_2.jpg,1486_1.jpg,471_0.jpg,122_2.jpg,1275_1.jpg,885_1.jpg,753_2.jpg,746_1.jpg,1250_1.jpg,385_3.jpg
506,471_3.jpg,1295_0.jpg,64_2.jpg,217_3.jpg,1478_2.jpg,1572_1.jpg,133_3.jpg,1234_3.jpg,1166_2.jpg,465_3.jpg
507,477_0.jpg,477_1.jpg,898_0.jpg,148_0.jpg,1486_0.jpg,1275_0.jpg,471_1.jpg,122_0.jpg,746_0.jpg,746_1.jpg
508,477_1.jpg,477_0.jpg,746_1.jpg,471_0.jpg,746_2.jpg,997_0.jpg,1250_1.jpg,1275_1.jpg,273_0.jpg,898_1.jpg
509,477_2.jpg,875_1.jpg,176_0.jpg,1180_3.jpg,633_1.jpg,898_2.jpg,728_3.jpg,385_1.jpg,477_0.jpg,477_3.jpg
510,477_3.jpg,217_3.jpg,133_3.jpg,1088_0.jpg,978_0.jpg,1572_1.jpg,717_1.jpg,176_3.jpg,1102_1.jpg,148_3.jpg
511,47_0.jpg,144_0.jpg,89_0.jpg,1554_0.jpg,79_0.jpg,124_0.jpg,162_0.jpg,131_0.jpg,41_0.jpg,249_0.jpg
512,48_0.jpg,1478_3.jpg,305_0.jpg,400_0.jpg,88_0.jpg,1170_0.jpg,194_0.jpg,245_0.jpg,1544_0.jpg,1604_0.jpg
513,492_0.jpg,492_1.jpg,492_2.jpg,500_1.jpg,500_2.jpg,500_0.jpg,1256_0.jpg,148_1.jpg,477_3.jpg,1243_0.jpg
514,492_1.jpg,492_0.jpg,492_2.jpg,500_2.jpg,500_1.jpg,500_0.jpg,477_3.jpg,148_1.jpg,1243_0.jpg,1256_0.jpg
515,492_2.jpg,492_1.jpg,492_0.jpg,500_2.jpg,500_1.jpg,500_0.jpg,148_1.jpg,438_0.jpg,477_1.jpg,1096_0.jpg
516,500_0.jpg,500_1.jpg,500_2.jpg,438_0.jpg,492_1.jpg,492_0.jpg,438_1.jpg,1256_0.jpg,316_0.jpg,504_0.jpg
517,500_1.jpg,500_0.jpg,500_2.jpg,438_0.jpg,438_1.jpg,1256_0.jpg,492_0.jpg,492_1.jpg,1342_0.jpg,438_2.jpg
518,500_2.jpg,500_1.jpg,500_0.jpg,438_1.jpg,1342_0.jpg,438_2.jpg,438_0.jpg,316_0.jpg,492_2.jpg,492_1.jpg
519,504_0.jpg,500_0.jpg,500_1.jpg,638_3.jpg,398_0.jpg,500_2.jpg,835_0.jpg,98_3.jpg,1256_0.jpg,1368_0.jpg
520,506_0.jpg,1482_0.jpg,865_0.jpg,270_0.jpg,112_0.jpg,1454_1.jpg,1239_0.jpg,1358_1.jpg,888_0.jpg,112_1.jpg
521,507_0.jpg,1506_0.jpg,133_2.jpg,997_0.jpg,671_3.jpg,177_0.jpg,671_1.jpg,1506_2.jpg,364_0.jpg,444_0.jpg
522,517_0.jpg,973_1.jpg,973_0.jpg,530_1.jpg,305_0.jpg,1312_0.jpg,1604_0.jpg,829_2.jpg,191_1.jpg,238_0.jpg
523,517_1.jpg,131_0.jpg,655_1.jpg,79_0.jpg,997_2.jpg,144_0.jpg,124_0.jpg,148_2.jpg,89_0.jpg,61_0.jpg
524,517_2.jpg,558_2.jpg,69_0.jpg,191_1.jpg,655_3.jpg,217_1.jpg,134_2.jpg,961_1.jpg,371_2.jpg,467_1.jpg
525,517_3.jpg,411_1.jpg,1191_0.jpg,1048_0.jpg,160_0.jpg,465_3.jpg,1109_0.jpg,133_3.jpg,140_0.jpg,548_0.jpg
526,518_0.jpg,937_0.jpg,752_0.jpg,985_1.jpg,752_1.jpg,984_1.jpg,317_0.jpg,797_0.jpg,790_0.jpg,317_1.jpg
527,519_0.jpg,122_1.jpg,728_1.jpg,746_1.jpg,471_0.jpg,471_2.jpg,885_1.jpg,122_2.jpg,1486_1.jpg,1275_2.jpg
528,519_1.jpg,1486_1.jpg,471_2.jpg,885_1.jpg,1275_1.jpg,122_1.jpg,471_0.jpg,746_2.jpg,519_3.jpg,746_1.jpg
529,519_2.jpg,519_3.jpg,1486_3.jpg,1180_3.jpg,1486_2.jpg,885_1.jpg,465_2.jpg,1275_2.jpg,1486_1.jpg,302_1.jpg
530,519_3.jpg,1486_3.jpg,728_3.jpg,1242_2.jpg,898_2.jpg,875_1.jpg,885_1.jpg,171_3.jpg,1183_0.jpg,371_2.jpg
531,51_0.jpg,66_0.jpg,30_0.jpg,11_0.jpg,238_0.jpg,311_0.jpg,98_0.jpg,246_0.jpg,1523_0.jpg,1275_0.jpg
532,526_0.jpg,1045_0.jpg,655_2.jpg,1599_0.jpg,178_0.jpg,35_0.jpg,178_1.jpg,430_0.jpg,1476_0.jpg,270_0.jpg
533,527_0.jpg,919_0.jpg,978_0.jpg,708_0.jpg,1000_2.jpg,221_0.jpg,1109_0.jpg,1102_1.jpg,1169_0.jpg,1519_0.jpg
534,52_0.jpg,232_0.jpg,124_0.jpg,277_0.jpg,131_0.jpg,144_0.jpg,311_0.jpg,31_0.jpg,997_2.jpg,301_0.jpg
535,530_0.jpg,1234_3.jpg,1478_2.jpg,133_1.jpg,779_0.jpg,1279_0.jpg,1102_0.jpg,1352_0.jpg,471_3.jpg,1122_0.jpg
536,530_1.jpg,973_1.jpg,1312_0.jpg,517_0.jpg,973_0.jpg,314_0.jpg,305_0.jpg,1478_1.jpg,208_0.jpg,69_0.jpg
537,970_0.jpg,534_0.jpg,1557_0.jpg,1232_0.jpg,894_0.jpg,944_0.jpg,1169_0.jpg,553_0.jpg,1142_0.jpg,739_0.jpg
538,538_0.jpg,458_0.jpg,198_0.jpg,201_0.jpg,44_0.jpg,1352_0.jpg,133_2.jpg,1403_0.jpg,177_0.jpg,400_0.jpg
539,540_0.jpg,214_0.jpg,177_0.jpg,228_0.jpg,28_0.jpg,997_0.jpg,400_0.jpg,5_0.jpg,305_0.jpg,56_0.jpg
540,540_1.jpg,38_0.jpg,1250_0.jpg,1352_0.jpg,385_1.jpg,217_1.jpg,293_0.jpg,655_0.jpg,1183_0.jpg,199_0.jpg
541,541_0.jpg,541_1.jpg,653_0.jpg,1106_1.jpg,1106_0.jpg,114_1.jpg,212_1.jpg,1568_1.jpg,583_1.jpg,43_1.jpg
542,541_0.jpg,541_1.jpg,653_0.jpg,1106_1.jpg,1106_0.jpg,114_1.jpg,212_1.jpg,1568_1.jpg,583_1.jpg,43_1.jpg
543,542_0.jpg,430_0.jpg,956_0.jpg,354_1.jpg,35_0.jpg,655_2.jpg,354_0.jpg,864_0.jpg,1387_0.jpg,611_0.jpg
544,544_0.jpg,655_3.jpg,961_2.jpg,517_0.jpg,973_1.jpg,238_0.jpg,242_0.jpg,1604_0.jpg,88_0.jpg,937_0.jpg
545,548_0.jpg,452_0.jpg,357_0.jpg,1538_0.jpg,160_0.jpg,697_0.jpg,862_0.jpg,977_0.jpg,98_3.jpg,7_0.jpg
546,553_0.jpg,811_1.jpg,617_0.jpg,665_2.jpg,200_1.jpg,915_0.jpg,200_0.jpg,200_2.jpg,1125_0.jpg,1141_2.jpg
547,557_0.jpg,1295_0.jpg,1102_1.jpg,148_3.jpg,385_0.jpg,126_0.jpg,217_3.jpg,1572_1.jpg,875_2.jpg,915_0.jpg
548,557_1.jpg,385_1.jpg,949_1.jpg,558_1.jpg,633_1.jpg,168_0.jpg,1486_3.jpg,655_3.jpg,1234_1.jpg,961_2.jpg
549,558_0.jpg,1234_0.jpg,385_0.jpg,1000_1.jpg,1048_0.jpg,1102_1.jpg,1504_0.jpg,1141_0.jpg,217_1.jpg,1378_0.jpg
550,558_1.jpg,633_1.jpg,961_2.jpg,385_1.jpg,949_1.jpg,1234_1.jpg,728_3.jpg,558_2.jpg,746_1.jpg,875_1.jpg
551,558_2.jpg,517_2.jpg,655_3.jpg,961_2.jpg,558_1.jpg,465_2.jpg,217_1.jpg,961_0.jpg,1486_3.jpg,217_2.jpg
552,558_3.jpg,1048_0.jpg,1234_2.jpg,1504_0.jpg,1302_2.jpg,893_0.jpg,1000_0.jpg,767_0.jpg,203_0.jpg,1488_0.jpg
553,55_0.jpg,121_0.jpg,245_0.jpg,258_0.jpg,182_0.jpg,266_0.jpg,312_1.jpg,1478_3.jpg,997_0.jpg,56_0.jpg
554,569_0.jpg,1164_0.jpg,1488_0.jpg,767_0.jpg,203_0.jpg,1399_0.jpg,1322_0.jpg,709_0.jpg,1159_0.jpg,569_1.jpg
555,569_1.jpg,1467_0.jpg,569_0.jpg,1322_0.jpg,978_0.jpg,1164_0.jpg,1331_0.jpg,1488_0.jpg,767_0.jpg,1399_0.jpg
556,569_2.jpg,160_0.jpg,140_0.jpg,931_0.jpg,175_0.jpg,709_0.jpg,1159_0.jpg,708_0.jpg,203_0.jpg,1399_0.jpg
557,56_0.jpg,264_0.jpg,1_0.jpg,305_0.jpg,88_0.jpg,182_0.jpg,1478_3.jpg,245_0.jpg,55_0.jpg,275_0.jpg
558,570_0.jpg,148_0.jpg,898_0.jpg,477_0.jpg,1486_0.jpg,1008_0.jpg,1008_1.jpg,570_1.jpg,40_0.jpg,371_0.jpg
559,570_1.jpg,728_1.jpg,1166_1.jpg,997_3.jpg,997_0.jpg,1403_0.jpg,312_1.jpg,273_1.jpg,288_0.jpg,178_0.jpg
560,570_2.jpg,273_3.jpg,1223_1.jpg,1403_1.jpg,570_1.jpg,371_3.jpg,1223_0.jpg,728_2.jpg,1403_2.jpg,685_1.jpg
561,570_3.jpg,728_3.jpg,171_3.jpg,1486_3.jpg,371_2.jpg,1478_1.jpg,898_2.jpg,149_0.jpg,191_1.jpg,1166_3.jpg
562,575_0.jpg,767_0.jpg,1488_0.jpg,1399_0.jpg,203_0.jpg,1159_0.jpg,709_0.jpg,1000_0.jpg,893_0.jpg,1439_0.jpg
563,43_0.jpg,1547_0.jpg,628_0.jpg,114_0.jpg,583_0.jpg,212_0.jpg,1568_0.jpg,1568_1.jpg,114_1.jpg,43_1.jpg
564,43_1.jpg,114_1.jpg,628_1.jpg,1568_1.jpg,583_1.jpg,212_1.jpg,1547_1.jpg,212_0.jpg,1547_0.jpg,43_0.jpg
565,1547_2.jpg,1568_2.jpg,628_2.jpg,114_2.jpg,43_2.jpg,583_2.jpg,212_2.jpg,1142_1.jpg,1169_1.jpg,1320_0.jpg
566,584_0.jpg,295_0.jpg,1155_0.jpg,1095_0.jpg,638_3.jpg,712_0.jpg,1408_0.jpg,1478_2.jpg,697_0.jpg,862_0.jpg
567,584_1.jpg,404_2.jpg,1142_1.jpg,1117_0.jpg,235_0.jpg,739_1.jpg,398_1.jpg,1141_2.jpg,527_0.jpg,1102_1.jpg
568,590_0.jpg,590_1.jpg,1599_1.jpg,302_1.jpg,905_1.jpg,112_1.jpg,270_0.jpg,302_0.jpg,905_0.jpg,364_0.jpg
569,590_1.jpg,590_0.jpg,302_1.jpg,905_1.jpg,95_0.jpg,25_0.jpg,885_1.jpg,267_0.jpg,1599_1.jpg,440_0.jpg
570,591_0.jpg,319_0.jpg,267_0.jpg,226_0.jpg,238_0.jpg,753_0.jpg,1604_0.jpg,1486_3.jpg,875_1.jpg,217_2.jpg
571,597_0.jpg,655_2.jpg,956_0.jpg,1245_0.jpg,177_0.jpg,1600_0.jpg,80_0.jpg,400_0.jpg,1283_0.jpg,90_0.jpg
572,5_0.jpg,245_0.jpg,305_0.jpg,258_0.jpg,88_0.jpg,201_0.jpg,1456_0.jpg,118_0.jpg,1355_0.jpg,282_0.jpg
573,60_0.jpg,41_0.jpg,131_0.jpg,89_0.jpg,102_0.jpg,161_0.jpg,314_0.jpg,77_0.jpg,162_0.jpg,172_0.jpg
574,611_0.jpg,1437_0.jpg,35_0.jpg,430_0.jpg,526_0.jpg,793_0.jpg,917_0.jpg,1009_0.jpg,655_2.jpg,1294_0.jpg
575,617_0.jpg,1568_1.jpg,628_1.jpg,583_1.jpg,114_1.jpg,43_1.jpg,212_1.jpg,1547_1.jpg,398_0.jpg,98_3.jpg
576,61_0.jpg,246_0.jpg,148_2.jpg,134_1.jpg,517_1.jpg,313_0.jpg,314_0.jpg,1554_0.jpg,1122_0.jpg,655_1.jpg
577,624_0.jpg,398_1.jpg,739_1.jpg,1117_0.jpg,1475_0.jpg,1102_3.jpg,1142_1.jpg,1513_3.jpg,268_0.jpg,752_1.jpg
578,43_0.jpg,1547_0.jpg,628_0.jpg,114_0.jpg,583_0.jpg,212_0.jpg,1568_0.jpg,1568_1.jpg,114_1.jpg,43_1.jpg
579,43_1.jpg,114_1.jpg,628_1.jpg,1568_1.jpg,583_1.jpg,212_1.jpg,1547_1.jpg,212_0.jpg,1547_0.jpg,43_0.jpg
580,1547_2.jpg,1568_2.jpg,628_2.jpg,114_2.jpg,43_2.jpg,583_2.jpg,212_2.jpg,1142_1.jpg,1169_1.jpg,1320_0.jpg
581,631_0.jpg,977_0.jpg,851_0.jpg,130_0.jpg,357_0.jpg,452_0.jpg,1538_0.jpg,398_0.jpg,548_0.jpg,212_1.jpg
582,633_0.jpg,1302_1.jpg,1302_0.jpg,1147_0.jpg,949_0.jpg,1478_0.jpg,465_0.jpg,1016_0.jpg,464_0.jpg,1169_0.jpg
583,633_1.jpg,385_1.jpg,949_1.jpg,371_2.jpg,1180_3.jpg,558_1.jpg,728_3.jpg,217_2.jpg,875_1.jpg,477_2.jpg
584,633_2.jpg,465_2.jpg,746_3.jpg,558_2.jpg,633_1.jpg,558_1.jpg,570_2.jpg,1048_0.jpg,685_1.jpg,1275_3.jpg
585,633_3.jpg,465_3.jpg,133_3.jpg,1259_1.jpg,371_3.jpg,1242_1.jpg,1572_3.jpg,1088_0.jpg,1088_3.jpg,273_3.jpg
586,635_0.jpg,635_2.jpg,727_0.jpg,635_1.jpg,1408_0.jpg,1368_0.jpg,114_1.jpg,212_1.jpg,1568_1.jpg,43_1.jpg
587,635_1.jpg,635_2.jpg,635_0.jpg,727_0.jpg,829_3.jpg,1499_0.jpg,1368_0.jpg,411_0.jpg,651_0.jpg,442_0.jpg
588,635_2.jpg,635_0.jpg,727_0.jpg,635_1.jpg,1408_0.jpg,1125_1.jpg,1368_0.jpg,212_0.jpg,43_0.jpg,1568_0.jpg
589,636_0.jpg,1155_0.jpg,1095_0.jpg,745_0.jpg,295_0.jpg,712_0.jpg,1121_0.jpg,1419_2.jpg,1286_0.jpg,1568_1.jpg
590,638_0.jpg,638_3.jpg,638_2.jpg,638_1.jpg,292_0.jpg,624_0.jpg,292_1.jpg,500_2.jpg,985_0.jpg,500_1.jpg
591,638_1.jpg,638_2.jpg,638_0.jpg,638_3.jpg,105_0.jpg,1506_0.jpg,985_0.jpg,671_1.jpg,292_0.jpg,1091_0.jpg
592,638_2.jpg,638_1.jpg,638_3.jpg,638_0.jpg,442_0.jpg,1180_2.jpg,985_0.jpg,671_1.jpg,95_0.jpg,273_0.jpg
593,638_3.jpg,638_0.jpg,440_0.jpg,440_1.jpg,638_2.jpg,292_1.jpg,985_0.jpg,590_1.jpg,799_2.jpg,1447_1.jpg
594,63_0.jpg,41_0.jpg,249_0.jpg,313_0.jpg,60_0.jpg,314_0.jpg,198_0.jpg,301_0.jpg,102_0.jpg,31_0.jpg
595,647_0.jpg,985_1.jpg,317_0.jpg,440_0.jpg,440_1.jpg,752_2.jpg,1002_0.jpg,752_1.jpg,984_1.jpg,907_2.jpg
596,64_0.jpg,25_1.jpg,64_1.jpg,142_0.jpg,25_0.jpg,74_0.jpg,1599_0.jpg,1008_0.jpg,1008_1.jpg,11_0.jpg
597,64_1.jpg,997_3.jpg,997_0.jpg,80_0.jpg,25_2.jpg,25_0.jpg,312_0.jpg,273_1.jpg,178_0.jpg,280_0.jpg
598,64_2.jpg,25_3.jpg,1166_2.jpg,471_3.jpg,148_2.jpg,685_2.jpg,1234_3.jpg,465_3.jpg,997_2.jpg,779_0.jpg
599,651_0.jpg,1088_3.jpg,717_2.jpg,1572_2.jpg,171_2.jpg,1572_3.jpg,797_0.jpg,790_0.jpg,1141_2.jpg,200_2.jpg
600,653_0.jpg,541_0.jpg,541_1.jpg,1106_0.jpg,1106_1.jpg,114_1.jpg,212_1.jpg,1568_1.jpg,583_1.jpg,43_1.jpg
601,655_0.jpg,293_0.jpg,655_2.jpg,1183_0.jpg,1352_0.jpg,126_0.jpg,302_1.jpg,905_1.jpg,38_0.jpg,949_0.jpg
602,655_1.jpg,517_1.jpg,148_2.jpg,162_0.jpg,38_0.jpg,685_2.jpg,1486_3.jpg,217_2.jpg,47_0.jpg,89_0.jpg
603,655_2.jpg,655_0.jpg,597_0.jpg,1245_0.jpg,64_1.jpg,25_0.jpg,526_0.jpg,312_0.jpg,1102_0.jpg,956_0.jpg
604,655_3.jpg,217_1.jpg,1250_1.jpg,961_2.jpg,282_0.jpg,134_2.jpg,1572_0.jpg,746_1.jpg,69_0.jpg,385_3.jpg
605,659_0.jpg,659_1.jpg,1560_2.jpg,1242_1.jpg,90_0.jpg,969_0.jpg,633_3.jpg,182_0.jpg,1180_1.jpg,178_2.jpg
606,659_1.jpg,134_1.jpg,301_0.jpg,258_0.jpg,1478_3.jpg,41_0.jpg,1122_0.jpg,88_0.jpg,307_0.jpg,961_1.jpg
607,659_2.jpg,1314_0.jpg,1475_0.jpg,412_0.jpg,909_2.jpg,404_2.jpg,142_0.jpg,1117_0.jpg,1028_1.jpg,1028_0.jpg
608,665_0.jpg,1266_0.jpg,1259_0.jpg,1486_1.jpg,811_0.jpg,1594_0.jpg,1594_1.jpg,811_1.jpg,949_0.jpg,753_0.jpg
609,665_1.jpg,413_0.jpg,590_1.jpg,1259_0.jpg,811_3.jpg,1599_1.jpg,178_1.jpg,25_0.jpg,1599_0.jpg,235_1.jpg
610,665_2.jpg,553_0.jpg,617_0.jpg,1302_2.jpg,1302_0.jpg,500_2.jpg,477_3.jpg,569_0.jpg,875_2.jpg,500_1.jpg
611,66_0.jpg,30_0.jpg,51_0.jpg,11_0.jpg,1455_0.jpg,246_0.jpg,64_0.jpg,228_0.jpg,133_1.jpg,142_0.jpg
612,671_0.jpg,823_3.jpg,671_1.jpg,823_2.jpg,671_2.jpg,985_1.jpg,823_1.jpg,442_0.jpg,984_1.jpg,907_3.jpg
613,671_1.jpg,823_2.jpg,671_0.jpg,823_3.jpg,671_2.jpg,638_2.jpg,985_1.jpg,823_1.jpg,442_0.jpg,1180_2.jpg
614,671_2.jpg,823_1.jpg,671_1.jpg,671_0.jpg,655_2.jpg,823_3.jpg,1102_0.jpg,823_2.jpg,985_1.jpg,753_3.jpg
615,671_3.jpg,823_0.jpg,507_0.jpg,1117_0.jpg,671_1.jpg,148_3.jpg,200_2.jpg,727_0.jpg,518_0.jpg,1506_0.jpg
616,685_0.jpg,685_1.jpg,152_0.jpg,685_3.jpg,471_0.jpg,133_3.jpg,1088_3.jpg,1250_1.jpg,693_0.jpg,909_3.jpg
617,685_1.jpg,685_0.jpg,152_0.jpg,1275_3.jpg,685_3.jpg,746_3.jpg,1250_1.jpg,471_0.jpg,746_2.jpg,465_2.jpg
618,685_2.jpg,162_0.jpg,655_1.jpg,148_2.jpg,64_2.jpg,471_3.jpg,1554_0.jpg,949_2.jpg,38_0.jpg,249_0.jpg
619,685_3.jpg,148_3.jpg,133_3.jpg,1572_1.jpg,685_1.jpg,1191_0.jpg,685_0.jpg,171_2.jpg,717_1.jpg,1088_0.jpg
620,693_0.jpg,471_0.jpg,471_2.jpg,1250_1.jpg,385_3.jpg,122_2.jpg,1275_1.jpg,385_1.jpg,1286_0.jpg,1166_1.jpg
621,697_0.jpg,862_0.jpg,7_0.jpg,944_0.jpg,463_0.jpg,1408_0.jpg,452_0.jpg,357_0.jpg,1538_0.jpg,548_0.jpg
622,69_0.jpg,1250_1.jpg,961_2.jpg,655_3.jpg,728_1.jpg,746_1.jpg,1486_1.jpg,1170_0.jpg,728_3.jpg,217_1.jpg
623,703_0.jpg,438_0.jpg,438_2.jpg,438_1.jpg,863_0.jpg,1377_0.jpg,80_0.jpg,351_0.jpg,1243_0.jpg,25_0.jpg
624,708_0.jpg,175_0.jpg,1159_0.jpg,709_0.jpg,1109_0.jpg,1467_0.jpg,909_3.jpg,160_0.jpg,569_1.jpg,1399_0.jpg
625,1159_0.jpg,709_0.jpg,1488_0.jpg,203_0.jpg,767_0.jpg,1399_0.jpg,575_0.jpg,1000_0.jpg,1439_0.jpg,931_0.jpg
626,70_0.jpg,1506_1.jpg,951_0.jpg,1260_0.jpg,462_0.jpg,951_1.jpg,1072_0.jpg,404_0.jpg,1387_0.jpg,364_0.jpg
627,712_0.jpg,1155_0.jpg,1308_0.jpg,636_0.jpg,1095_0.jpg,745_0.jpg,898_1.jpg,444_0.jpg,260_0.jpg,64_2.jpg
628,717_0.jpg,465_0.jpg,1295_0.jpg,385_2.jpg,717_2.jpg,790_0.jpg,797_0.jpg,949_0.jpg,317_0.jpg,1147_0.jpg
629,717_1.jpg,978_0.jpg,217_3.jpg,1088_0.jpg,1102_1.jpg,477_3.jpg,133_3.jpg,685_3.jpg,465_3.jpg,1250_1.jpg
630,717_2.jpg,464_1.jpg,651_0.jpg,385_0.jpg,1295_0.jpg,126_0.jpg,1242_1.jpg,404_3.jpg,1102_3.jpg,114_0.jpg
631,727_0.jpg,635_2.jpg,635_0.jpg,635_1.jpg,1408_0.jpg,583_1.jpg,212_1.jpg,628_1.jpg,43_1.jpg,114_1.jpg
632,728_0.jpg,1166_0.jpg,1180_3.jpg,746_1.jpg,122_1.jpg,171_0.jpg,191_3.jpg,40_0.jpg,728_3.jpg,885_0.jpg
633,728_1.jpg,1166_1.jpg,171_1.jpg,471_2.jpg,1486_1.jpg,570_1.jpg,69_0.jpg,746_1.jpg,122_2.jpg,1170_0.jpg
634,728_2.jpg,1275_3.jpg,746_3.jpg,570_2.jpg,171_0.jpg,746_1.jpg,685_1.jpg,746_2.jpg,1572_1.jpg,570_1.jpg
635,728_3.jpg,371_2.jpg,875_1.jpg,171_3.jpg,570_3.jpg,1180_3.jpg,1486_3.jpg,519_3.jpg,655_3.jpg,898_2.jpg
636,733_0.jpg,733_1.jpg,733_2.jpg,997_3.jpg,997_0.jpg,104_0.jpg,1170_0.jpg,199_0.jpg,467_0.jpg,55_0.jpg
637,733_1.jpg,733_0.jpg,997_0.jpg,733_2.jpg,997_3.jpg,312_0.jpg,194_0.jpg,1170_0.jpg,55_0.jpg,80_0.jpg
638,733_2.jpg,733_1.jpg,733_0.jpg,997_0.jpg,277_0.jpg,997_3.jpg,199_0.jpg,467_0.jpg,1170_2.jpg,467_1.jpg
639,733_3.jpg,1170_2.jpg,1166_2.jpg,1170_1.jpg,371_3.jpg,133_3.jpg,292_0.jpg,733_1.jpg,411_1.jpg,292_1.jpg
640,739_0.jpg,1142_0.jpg,1169_0.jpg,398_0.jpg,697_0.jpg,862_0.jpg,1538_0.jpg,350_0.jpg,1408_0.jpg,7_0.jpg
641,398_1.jpg,739_1.jpg,1142_1.jpg,1169_1.jpg,624_0.jpg,268_0.jpg,299_0.jpg,1121_0.jpg,1117_0.jpg,1475_0.jpg
642,740_0.jpg,302_1.jpg,905_1.jpg,293_0.jpg,519_3.jpg,1486_3.jpg,1294_0.jpg,1242_2.jpg,471_2.jpg,655_0.jpg
643,745_0.jpg,1155_0.jpg,1095_0.jpg,636_0.jpg,937_0.jpg,194_0.jpg,308_0.jpg,712_0.jpg,898_1.jpg,1355_0.jpg
644,746_0.jpg,1275_0.jpg,122_0.jpg,1250_0.jpg,746_1.jpg,1486_0.jpg,753_0.jpg,949_0.jpg,40_0.jpg,471_1.jpg
645,746_1.jpg,1486_1.jpg,746_2.jpg,1250_1.jpg,122_1.jpg,1275_1.jpg,1572_0.jpg,471_0.jpg,753_1.jpg,122_2.jpg
646,746_2.jpg,746_1.jpg,217_1.jpg,1250_1.jpg,1275_1.jpg,122_2.jpg,465_2.jpg,1486_1.jpg,753_2.jpg,122_1.jpg
647,746_3.jpg,1275_3.jpg,746_2.jpg,685_1.jpg,746_1.jpg,122_1.jpg,1275_2.jpg,465_2.jpg,217_1.jpg,728_2.jpg
648,74_0.jpg,199_0.jpg,267_0.jpg,1122_0.jpg,1008_0.jpg,1008_1.jpg,1166_3.jpg,311_0.jpg,922_0.jpg,997_0.jpg
649,752_0.jpg,752_1.jpg,1331_0.jpg,752_2.jpg,221_0.jpg,518_0.jpg,1125_1.jpg,1467_0.jpg,978_0.jpg,1164_0.jpg
650,752_1.jpg,752_0.jpg,752_2.jpg,1331_0.jpg,221_0.jpg,1467_0.jpg,175_0.jpg,1164_0.jpg,978_0.jpg,569_1.jpg
651,752_2.jpg,752_1.jpg,1331_0.jpg,221_0.jpg,752_0.jpg,1425_0.jpg,1088_2.jpg,1467_0.jpg,235_2.jpg,175_0.jpg
652,753_0.jpg,753_1.jpg,746_0.jpg,40_0.jpg,885_0.jpg,1275_0.jpg,1572_0.jpg,1486_0.jpg,385_1.jpg,753_2.jpg
653,753_1.jpg,1572_0.jpg,1486_1.jpg,746_1.jpg,753_2.jpg,753_0.jpg,471_2.jpg,885_1.jpg,471_0.jpg,1250_1.jpg
654,753_2.jpg,471_2.jpg,753_1.jpg,1486_1.jpg,746_2.jpg,122_2.jpg,1250_1.jpg,746_1.jpg,217_1.jpg,1275_1.jpg
655,753_3.jpg,148_3.jpg,1572_2.jpg,1572_3.jpg,1572_1.jpg,371_1.jpg,1102_3.jpg,1242_1.jpg,317_1.jpg,1259_1.jpg
656,75_0.jpg,149_0.jpg,161_0.jpg,41_0.jpg,262_0.jpg,314_0.jpg,191_1.jpg,102_0.jpg,60_0.jpg,961_1.jpg
657,203_0.jpg,1399_0.jpg,1488_0.jpg,767_0.jpg,709_0.jpg,1159_0.jpg,1439_0.jpg,575_0.jpg,1000_0.jpg,893_0.jpg
658,779_0.jpg,779_1.jpg,1352_0.jpg,1478_2.jpg,1234_3.jpg,1183_0.jpg,64_2.jpg,177_0.jpg,1166_2.jpg,530_0.jpg
659,779_1.jpg,1352_0.jpg,779_0.jpg,1122_0.jpg,1183_0.jpg,659_1.jpg,177_0.jpg,305_0.jpg,266_0.jpg,102_0.jpg
660,77_0.jpg,102_0.jpg,41_0.jpg,149_0.jpg,314_0.jpg,131_0.jpg,262_0.jpg,60_0.jpg,144_0.jpg,124_0.jpg
661,782_0.jpg,183_0.jpg,133_2.jpg,305_0.jpg,55_0.jpg,56_0.jpg,275_0.jpg,312_1.jpg,182_0.jpg,88_0.jpg
662,790_0.jpg,797_0.jpg,1048_0.jpg,114_1.jpg,1547_1.jpg,628_1.jpg,583_1.jpg,212_1.jpg,43_1.jpg,1568_1.jpg
663,793_0.jpg,430_0.jpg,611_0.jpg,35_0.jpg,1427_0.jpg,526_0.jpg,1009_0.jpg,1476_0.jpg,655_2.jpg,458_0.jpg
664,790_0.jpg,797_0.jpg,1048_0.jpg,114_1.jpg,1547_1.jpg,628_1.jpg,583_1.jpg,212_1.jpg,43_1.jpg,1568_1.jpg
665,799_0.jpg,799_1.jpg,799_2.jpg,655_3.jpg,1141_0.jpg,937_0.jpg,834_2.jpg,985_1.jpg,197_0.jpg,949_3.jpg
666,799_1.jpg,799_0.jpg,799_2.jpg,655_3.jpg,937_0.jpg,440_0.jpg,624_0.jpg,1141_0.jpg,197_0.jpg,885_1.jpg
667,799_2.jpg,799_1.jpg,799_0.jpg,655_3.jpg,638_3.jpg,937_0.jpg,440_0.jpg,442_0.jpg,440_1.jpg,1117_0.jpg
668,79_0.jpg,144_0.jpg,131_0.jpg,124_0.jpg,47_0.jpg,1554_0.jpg,997_2.jpg,517_1.jpg,102_0.jpg,89_0.jpg
669,7_0.jpg,862_0.jpg,697_0.jpg,944_0.jpg,463_0.jpg,1408_0.jpg,452_0.jpg,357_0.jpg,1538_0.jpg,548_0.jpg
670,80_0.jpg,64_1.jpg,997_0.jpg,312_0.jpg,997_3.jpg,1478_3.jpg,25_0.jpg,467_0.jpg,25_2.jpg,471_0.jpg
671,811_0.jpg,811_1.jpg,811_3.jpg,281_1.jpg,220_0.jpg,1306_1.jpg,828_1.jpg,553_0.jpg,1306_0.jpg,665_1.jpg
672,811_1.jpg,811_0.jpg,553_0.jpg,1306_0.jpg,1306_1.jpg,98_1.jpg,200_1.jpg,281_1.jpg,200_2.jpg,200_0.jpg
673,811_2.jpg,811_3.jpg,176_1.jpg,220_0.jpg,895_0.jpg,624_0.jpg,1331_0.jpg,281_1.jpg,569_1.jpg,519_3.jpg
674,811_3.jpg,811_2.jpg,176_1.jpg,624_0.jpg,1331_0.jpg,1513_3.jpg,1547_2.jpg,43_2.jpg,212_2.jpg,583_2.jpg
675,812_0.jpg,1088_0.jpg,1002_0.jpg,1519_0.jpg,1070_0.jpg,1572_1.jpg,1088_2.jpg,1096_0.jpg,1277_0.jpg,638_3.jpg
676,813_0.jpg,590_1.jpg,319_0.jpg,1223_1.jpg,178_0.jpg,885_1.jpg,905_1.jpg,302_1.jpg,273_3.jpg,898_1.jpg
677,814_0.jpg,1289_0.jpg,1111_0.jpg,1447_0.jpg,364_0.jpg,1242_1.jpg,178_1.jpg,1599_0.jpg,993_0.jpg,411_0.jpg
678,823_0.jpg,671_3.jpg,1117_0.jpg,823_2.jpg,1368_0.jpg,875_2.jpg,1419_2.jpg,148_3.jpg,464_2.jpg,624_0.jpg
679,823_1.jpg,671_2.jpg,823_2.jpg,823_3.jpg,671_1.jpg,655_2.jpg,671_0.jpg,1102_0.jpg,753_3.jpg,1091_0.jpg
680,823_2.jpg,671_1.jpg,823_3.jpg,823_1.jpg,671_0.jpg,671_2.jpg,956_0.jpg,1600_0.jpg,133_2.jpg,823_0.jpg
681,823_3.jpg,671_0.jpg,823_2.jpg,671_1.jpg,823_1.jpg,671_2.jpg,985_1.jpg,214_0.jpg,907_3.jpg,829_2.jpg
682,826_0.jpg,659_1.jpg,969_0.jpg,25_0.jpg,467_0.jpg,25_2.jpg,301_0.jpg,134_1.jpg,148_1.jpg,1243_0.jpg
683,828_0.jpg,281_1.jpg,828_1.jpg,624_0.jpg,811_1.jpg,553_0.jpg,895_0.jpg,739_1.jpg,398_1.jpg,799_2.jpg
684,828_1.jpg,895_0.jpg,398_1.jpg,739_1.jpg,835_0.jpg,828_0.jpg,752_2.jpg,268_0.jpg,752_1.jpg,624_0.jpg
685,828_2.jpg,624_0.jpg,220_0.jpg,811_3.jpg,1169_1.jpg,739_1.jpg,398_1.jpg,281_3.jpg,909_2.jpg,1142_1.jpg
686,828_3.jpg,624_0.jpg,268_0.jpg,398_1.jpg,739_1.jpg,1320_0.jpg,671_1.jpg,1142_1.jpg,1117_0.jpg,1169_1.jpg
687,829_0.jpg,1584_0.jpg,829_1.jpg,829_2.jpg,1584_1.jpg,829_3.jpg,238_0.jpg,973_1.jpg,242_0.jpg,517_0.jpg
688,829_1.jpg,829_2.jpg,829_3.jpg,829_0.jpg,973_1.jpg,517_0.jpg,937_0.jpg,961_2.jpg,305_0.jpg,238_0.jpg
689,829_2.jpg,829_1.jpg,829_3.jpg,829_0.jpg,937_0.jpg,517_0.jpg,961_2.jpg,973_1.jpg,317_0.jpg,655_3.jpg
690,829_3.jpg,829_1.jpg,829_2.jpg,829_0.jpg,242_0.jpg,540_0.jpg,635_1.jpg,305_0.jpg,228_0.jpg,985_1.jpg
691,834_0.jpg,97_0.jpg,114_2.jpg,628_2.jpg,583_2.jpg,1547_2.jpg,1568_2.jpg,43_2.jpg,212_2.jpg,1000_1.jpg
692,834_1.jpg,235_0.jpg,1331_0.jpg,1149_0.jpg,212_2.jpg,43_2.jpg,1568_2.jpg,628_2.jpg,583_2.jpg,1547_2.jpg
693,834_2.jpg,949_3.jpg,569_0.jpg,978_0.jpg,1164_0.jpg,1378_0.jpg,1322_0.jpg,1142_1.jpg,1413_3.jpg,1439_0.jpg
694,835_0.jpg,1070_2.jpg,1088_2.jpg,752_1.jpg,235_2.jpg,752_2.jpg,752_0.jpg,1342_1.jpg,828_1.jpg,1331_0.jpg
695,83_0.jpg,168_0.jpg,1478_3.jpg,1604_0.jpg,234_0.jpg,48_0.jpg,95_0.jpg,275_0.jpg,56_0.jpg,177_0.jpg
696,851_0.jpg,130_0.jpg,631_0.jpg,977_0.jpg,357_0.jpg,1538_0.jpg,452_0.jpg,398_0.jpg,1408_0.jpg,548_0.jpg
697,862_0.jpg,697_0.jpg,7_0.jpg,944_0.jpg,463_0.jpg,1408_0.jpg,452_0.jpg,357_0.jpg,1538_0.jpg,548_0.jpg
698,863_0.jpg,461_0.jpg,1447_0.jpg,951_1.jpg,351_0.jpg,178_1.jpg,638_3.jpg,258_0.jpg,703_0.jpg,1095_0.jpg
699,864_0.jpg,1447_1.jpg,1447_0.jpg,35_0.jpg,1289_0.jpg,1387_0.jpg,258_0.jpg,430_0.jpg,1111_0.jpg,458_0.jpg
700,865_0.jpg,1482_0.jpg,506_0.jpg,1239_0.jpg,270_0.jpg,1454_1.jpg,112_0.jpg,888_0.jpg,1358_1.jpg,112_1.jpg
701,866_0.jpg,655_0.jpg,1141_3.jpg,558_1.jpg,385_2.jpg,949_0.jpg,293_0.jpg,1183_0.jpg,866_1.jpg,1141_2.jpg
702,866_1.jpg,866_0.jpg,465_0.jpg,717_0.jpg,1147_0.jpg,1141_3.jpg,385_2.jpg,241_0.jpg,1302_0.jpg,949_0.jpg
703,869_0.jpg,458_0.jpg,1358_0.jpg,430_0.jpg,133_2.jpg,1447_1.jpg,526_0.jpg,1447_0.jpg,1155_0.jpg,823_2.jpg
704,869_1.jpg,888_0.jpg,306_0.jpg,1588_0.jpg,112_0.jpg,458_0.jpg,112_1.jpg,1239_0.jpg,746_2.jpg,134_2.jpg
705,875_0.jpg,875_3.jpg,28_0.jpg,260_0.jpg,444_0.jpg,134_2.jpg,177_0.jpg,183_0.jpg,255_0.jpg,540_0.jpg
706,875_1.jpg,1486_3.jpg,728_3.jpg,217_2.jpg,371_2.jpg,171_3.jpg,1180_3.jpg,519_3.jpg,385_2.jpg,477_2.jpg
707,875_2.jpg,217_3.jpg,1572_1.jpg,1088_0.jpg,148_3.jpg,569_1.jpg,1572_3.jpg,569_0.jpg,1125_1.jpg,1102_1.jpg
708,875_3.jpg,875_0.jpg,28_0.jpg,888_0.jpg,134_2.jpg,458_0.jpg,540_0.jpg,1403_0.jpg,273_0.jpg,1088_3.jpg
709,881_0.jpg,1294_0.jpg,740_0.jpg,1506_2.jpg,430_0.jpg,993_0.jpg,35_0.jpg,195_0.jpg,907_3.jpg,917_0.jpg
710,885_0.jpg,885_1.jpg,753_0.jpg,122_1.jpg,746_0.jpg,385_1.jpg,1275_0.jpg,519_3.jpg,122_0.jpg,728_3.jpg
711,885_1.jpg,471_2.jpg,302_1.jpg,905_1.jpg,1572_0.jpg,440_1.jpg,471_0.jpg,746_1.jpg,655_3.jpg,440_0.jpg
712,885_2.jpg,1467_0.jpg,1331_0.jpg,221_0.jpg,752_0.jpg,752_1.jpg,811_3.jpg,1159_0.jpg,709_0.jpg,569_1.jpg
713,885_3.jpg,1478_0.jpg,949_0.jpg,1478_1.jpg,122_0.jpg,171_3.jpg,477_0.jpg,570_3.jpg,1147_0.jpg,38_0.jpg
714,888_0.jpg,112_0.jpg,134_2.jpg,1496_0.jpg,306_0.jpg,1239_0.jpg,270_0.jpg,1456_0.jpg,869_1.jpg,282_0.jpg
715,88_0.jpg,245_0.jpg,182_0.jpg,1604_0.jpg,56_0.jpg,305_0.jpg,1478_3.jpg,275_0.jpg,48_0.jpg,201_0.jpg
716,893_0.jpg,1048_0.jpg,1000_0.jpg,1399_0.jpg,767_0.jpg,1488_0.jpg,203_0.jpg,575_0.jpg,1504_0.jpg,709_0.jpg
717,894_0.jpg,534_0.jpg,970_0.jpg,1169_1.jpg,398_1.jpg,739_1.jpg,1142_1.jpg,944_0.jpg,1557_0.jpg,1232_0.jpg
718,895_0.jpg,235_1.jpg,828_1.jpg,624_0.jpg,168_0.jpg,811_2.jpg,268_0.jpg,739_1.jpg,398_1.jpg,1117_0.jpg
719,898_0.jpg,898_1.jpg,477_0.jpg,1008_0.jpg,1008_1.jpg,1486_0.jpg,148_0.jpg,570_0.jpg,885_3.jpg,25_1.jpg
720,898_1.jpg,898_0.jpg,997_0.jpg,997_3.jpg,1180_1.jpg,25_0.jpg,467_1.jpg,477_1.jpg,1180_0.jpg,178_0.jpg
721,898_2.jpg,728_3.jpg,171_3.jpg,519_3.jpg,385_1.jpg,1183_0.jpg,371_2.jpg,471_0.jpg,122_1.jpg,885_1.jpg
722,898_3.jpg,898_2.jpg,746_3.jpg,1470_0.jpg,1302_2.jpg,717_1.jpg,728_2.jpg,1000_3.jpg,122_3.jpg,477_3.jpg
723,89_0.jpg,47_0.jpg,314_0.jpg,131_0.jpg,60_0.jpg,262_0.jpg,41_0.jpg,149_0.jpg,162_0.jpg,161_0.jpg
724,905_0.jpg,302_0.jpg,302_1.jpg,905_1.jpg,898_2.jpg,385_1.jpg,471_1.jpg,885_1.jpg,655_3.jpg,477_0.jpg
725,302_1.jpg,905_1.jpg,590_1.jpg,905_0.jpg,302_0.jpg,885_1.jpg,440_1.jpg,440_0.jpg,471_1.jpg,471_2.jpg
726,907_0.jpg,371_0.jpg,1147_0.jpg,885_3.jpg,1478_0.jpg,61_0.jpg,746_0.jpg,1302_0.jpg,464_0.jpg,122_0.jpg
727,907_1.jpg,907_2.jpg,1523_1.jpg,973_2.jpg,1255_0.jpg,178_3.jpg,905_0.jpg,302_0.jpg,905_1.jpg,302_1.jpg
728,907_2.jpg,570_3.jpg,317_0.jpg,985_1.jpg,907_1.jpg,440_1.jpg,984_1.jpg,440_0.jpg,647_0.jpg,1486_2.jpg
729,907_3.jpg,177_0.jpg,1352_0.jpg,540_0.jpg,671_1.jpg,214_0.jpg,779_0.jpg,1599_0.jpg,492_1.jpg,492_0.jpg
730,909_0.jpg,909_2.jpg,633_0.jpg,875_1.jpg,246_0.jpg,1141_3.jpg,655_1.jpg,1486_3.jpg,281_3.jpg,61_0.jpg
731,909_1.jpg,909_3.jpg,1413_3.jpg,133_3.jpg,1102_2.jpg,385_0.jpg,1295_0.jpg,465_3.jpg,685_3.jpg,651_0.jpg
732,909_2.jpg,200_2.jpg,1403_2.jpg,558_0.jpg,1191_0.jpg,1048_0.jpg,1102_3.jpg,1403_1.jpg,268_0.jpg,114_0.jpg
733,909_3.jpg,909_1.jpg,708_0.jpg,569_1.jpg,978_0.jpg,133_3.jpg,175_0.jpg,1322_0.jpg,1403_1.jpg,1403_2.jpg
734,90_0.jpg,258_0.jpg,266_0.jpg,56_0.jpg,307_0.jpg,182_0.jpg,55_0.jpg,1245_0.jpg,1_0.jpg,1180_0.jpg
735,915_0.jpg,350_0.jpg,1320_0.jpg,1433_0.jpg,617_0.jpg,316_0.jpg,1408_0.jpg,1141_2.jpg,1142_0.jpg,1594_1.jpg
736,917_0.jpg,1015_0.jpg,1045_0.jpg,1015_1.jpg,112_0.jpg,1162_0.jpg,155_0.jpg,458_0.jpg,1596_0.jpg,1599_0.jpg
737,919_0.jpg,617_0.jpg,413_0.jpg,1519_0.jpg,527_0.jpg,1141_2.jpg,985_1.jpg,411_1.jpg,1259_1.jpg,404_1.jpg
738,91_0.jpg,1234_1.jpg,385_2.jpg,208_0.jpg,371_2.jpg,961_1.jpg,905_0.jpg,1478_1.jpg,728_3.jpg,519_3.jpg
739,922_0.jpg,1497_0.jpg,74_0.jpg,1052_0.jpg,885_3.jpg,1478_0.jpg,1147_0.jpg,124_0.jpg,25_1.jpg,885_0.jpg
740,92_0.jpg,112_0.jpg,1330_0.jpg,1496_0.jpg,270_0.jpg,1358_1.jpg,1260_0.jpg,1239_0.jpg,1045_0.jpg,1260_1.jpg
741,931_0.jpg,1159_0.jpg,709_0.jpg,1048_0.jpg,575_0.jpg,1488_0.jpg,767_0.jpg,203_0.jpg,1399_0.jpg,140_0.jpg
742,937_0.jpg,317_0.jpg,518_0.jpg,655_3.jpg,829_2.jpg,442_0.jpg,829_1.jpg,1594_1.jpg,1594_0.jpg,440_0.jpg
743,944_0.jpg,463_0.jpg,697_0.jpg,862_0.jpg,7_0.jpg,1408_0.jpg,739_0.jpg,1142_0.jpg,1232_0.jpg,1557_0.jpg
744,949_0.jpg,655_3.jpg,465_0.jpg,1016_0.jpg,1302_0.jpg,385_1.jpg,1147_0.jpg,746_0.jpg,293_0.jpg,1302_1.jpg
745,949_1.jpg,633_1.jpg,385_1.jpg,557_1.jpg,217_2.jpg,558_1.jpg,1180_3.jpg,728_3.jpg,1486_3.jpg,385_3.jpg
746,949_2.jpg,1088_0.jpg,949_3.jpg,655_3.jpg,1403_1.jpg,1170_1.jpg,160_0.jpg,931_0.jpg,1403_2.jpg,1572_3.jpg
747,949_3.jpg,949_2.jpg,1000_1.jpg,834_2.jpg,1322_0.jpg,1048_0.jpg,931_0.jpg,1102_3.jpg,175_0.jpg,569_0.jpg
748,951_0.jpg,364_0.jpg,951_1.jpg,178_0.jpg,1260_0.jpg,178_1.jpg,1596_0.jpg,997_3.jpg,1599_0.jpg,1447_1.jpg
749,951_1.jpg,951_0.jpg,1387_0.jpg,295_2.jpg,458_0.jpg,997_0.jpg,178_1.jpg,354_0.jpg,364_0.jpg,178_0.jpg
750,954_0.jpg,44_0.jpg,655_1.jpg,317_1.jpg,1599_0.jpg,1312_0.jpg,569_0.jpg,465_0.jpg,1519_0.jpg,1470_1.jpg
751,956_0.jpg,597_0.jpg,28_0.jpg,255_0.jpg,177_0.jpg,1600_0.jpg,1283_0.jpg,400_0.jpg,48_0.jpg,1547_0.jpg
752,95_0.jpg,442_0.jpg,590_1.jpg,177_0.jpg,997_3.jpg,83_0.jpg,197_0.jpg,1170_0.jpg,178_0.jpg,997_0.jpg
753,961_0.jpg,728_3.jpg,875_1.jpg,1486_3.jpg,961_2.jpg,217_2.jpg,1234_1.jpg,371_2.jpg,655_1.jpg,558_1.jpg
754,961_1.jpg,961_2.jpg,191_1.jpg,1234_1.jpg,69_0.jpg,238_0.jpg,371_2.jpg,875_1.jpg,973_1.jpg,149_0.jpg
755,961_2.jpg,655_3.jpg,69_0.jpg,217_1.jpg,961_1.jpg,134_2.jpg,746_1.jpg,1486_2.jpg,282_0.jpg,1250_1.jpg
756,964_0.jpg,717_0.jpg,281_2.jpg,462_0.jpg,91_0.jpg,411_0.jpg,1242_0.jpg,288_0.jpg,208_0.jpg,385_2.jpg
757,969_0.jpg,659_1.jpg,176_0.jpg,267_0.jpg,1560_0.jpg,1560_3.jpg,241_0.jpg,77_0.jpg,121_0.jpg,191_3.jpg
758,970_0.jpg,534_0.jpg,1557_0.jpg,1232_0.jpg,894_0.jpg,944_0.jpg,1169_0.jpg,553_0.jpg,1142_0.jpg,739_0.jpg
759,973_0.jpg,973_1.jpg,997_2.jpg,973_2.jpg,148_2.jpg,517_0.jpg,1166_3.jpg,530_1.jpg,238_0.jpg,267_0.jpg
760,973_1.jpg,517_0.jpg,530_1.jpg,973_0.jpg,191_1.jpg,1312_0.jpg,238_0.jpg,305_0.jpg,69_0.jpg,148_2.jpg
761,973_2.jpg,973_0.jpg,997_2.jpg,1166_3.jpg,148_2.jpg,973_1.jpg,267_0.jpg,144_0.jpg,131_0.jpg,11_0.jpg
762,977_0.jpg,631_0.jpg,851_0.jpg,130_0.jpg,357_0.jpg,452_0.jpg,1538_0.jpg,548_0.jpg,1408_0.jpg,1568_1.jpg
763,978_0.jpg,1164_0.jpg,1322_0.jpg,1378_0.jpg,569_0.jpg,175_0.jpg,221_0.jpg,569_1.jpg,1088_0.jpg,717_1.jpg
764,97_0.jpg,834_1.jpg,1000_1.jpg,1149_0.jpg,268_0.jpg,834_0.jpg,1320_0.jpg,1568_2.jpg,43_2.jpg,1547_2.jpg
765,97_1.jpg,569_0.jpg,471_3.jpg,203_0.jpg,767_0.jpg,1488_0.jpg,1399_0.jpg,1159_0.jpg,709_0.jpg,1467_0.jpg
766,984_0.jpg,444_1.jpg,260_1.jpg,221_0.jpg,984_1.jpg,1088_2.jpg,260_0.jpg,444_0.jpg,752_1.jpg,273_3.jpg
767,984_1.jpg,317_0.jpg,985_1.jpg,440_0.jpg,440_1.jpg,221_0.jpg,518_0.jpg,1331_0.jpg,624_0.jpg,885_1.jpg
768,985_0.jpg,440_1.jpg,440_0.jpg,638_3.jpg,317_0.jpg,267_0.jpg,177_0.jpg,997_2.jpg,997_0.jpg,1155_0.jpg
769,985_1.jpg,647_0.jpg,984_1.jpg,442_0.jpg,317_0.jpg,440_1.jpg,518_0.jpg,440_0.jpg,885_1.jpg,95_0.jpg
770,987_0.jpg,752_0.jpg,197_0.jpg,404_3.jpg,753_3.jpg,1486_3.jpg,1125_1.jpg,1572_1.jpg,949_2.jpg,728_1.jpg
771,98_0.jpg,1275_0.jpg,98_1.jpg,122_0.jpg,98_2.jpg,371_0.jpg,746_0.jpg,148_0.jpg,246_0.jpg,1147_0.jpg
772,98_1.jpg,98_2.jpg,1355_0.jpg,288_0.jpg,98_3.jpg,98_0.jpg,171_0.jpg,245_0.jpg,308_0.jpg,1478_3.jpg
773,98_2.jpg,98_1.jpg,1355_0.jpg,728_1.jpg,1456_0.jpg,288_0.jpg,282_0.jpg,171_1.jpg,1478_1.jpg,245_0.jpg
774,98_3.jpg,1403_1.jpg,1403_2.jpg,1538_0.jpg,160_0.jpg,452_0.jpg,357_0.jpg,273_3.jpg,398_0.jpg,617_0.jpg
775,993_0.jpg,430_0.jpg,814_0.jpg,1426_0.jpg,35_0.jpg,907_3.jpg,410_0.jpg,1009_0.jpg,869_1.jpg,997_0.jpg
776,997_0.jpg,997_3.jpg,733_1.jpg,178_0.jpg,312_0.jpg,177_0.jpg,64_1.jpg,273_0.jpg,898_1.jpg,80_0.jpg
777,997_1.jpg,273_3.jpg,371_3.jpg,177_0.jpg,1242_1.jpg,1170_1.jpg,1180_2.jpg,273_2.jpg,95_0.jpg,371_1.jpg
778,997_2.jpg,973_0.jpg,1166_3.jpg,973_2.jpg,131_0.jpg,124_0.jpg,133_1.jpg,148_2.jpg,79_0.jpg,144_0.jpg
779,997_3.jpg,997_0.jpg,312_0.jpg,64_1.jpg,273_1.jpg,733_1.jpg,273_0.jpg,570_1.jpg,178_0.jpg,280_0.jpg
